ID;Original_Species;Actual_Species;Abundance
1;Calomys expulsus;Calomys expulsus;1
1;Cerradomys langguthi;Cerradomys langguthi;1
1;Didelphis albiventris;Didelphis albiventris;12
1;Gracilinanus sp.;Gracilinanus sp.;1
1;Marmosa demerarae;Marmosa demerarae;5
1;Monodelphis domestica;Monodelphis domestica;4
1;Necromys lasiurus;Necromys lasiurus;2
1;Nectomys rattus;Nectomys rattus;8
2;Cerradomys langguthi;Cerradomys langguthi;1
2;Didelphis albiventris;Didelphis albiventris;27
2;Galea spixii;Galea spixii;1
2;Gracilinanus sp.;Gracilinanus sp.;2
2;Marmosa demerarae;Marmosa demerarae;1
2;Marmosa murina;Marmosa murina;1
2;Necromys lasiurus;Necromys lasiurus;1
2;Nectomys rattus;Nectomys rattus;4
3;Necromys lasiurus;Necromys lasiurus;1
3;Holochilus sciureus;Holochilus sciureus;1
3;Nectomys squamipes;Nectomys squamipes;13
3;Cerradomys subflavus;Cerradomys subflavus;1
3;Rattus rattus;Rattus rattus;5
3;Galea spixii;Galea spixii;1
3;Didelphis albiventris;Didelphis albiventris;16
3;Marmosa sp.;Marmosa murina;4
3;Monodelphis domestica;Monodelphis domestica;4
4;Necromys lasiurus;Necromys lasiurus;7
4;Holochilus sciureus;Holochilus sciureus;19
4;Nectomys squamipes;Nectomys squamipes;46
4;Cerradomys subflavus;Cerradomys subflavus;9
4;Rattus rattus;Rattus rattus;36
4;Galea spixii;Galea spixii;1
5;Akodon cursor ;Akodon cursor;5
5;Cerradomys langguthi;Cerradomys langguthi;1
5;Didelphis albiventris;Didelphis albiventris;2
5;Didelphis aurita;Didelphis aurita;10
5;Galea spixii;Galea spixii;1
5;Micoureus demerarae;Marmosa demerarae;1
5;Marmosa murina;Marmosa murina;5
5;Metachirus nudicaudatus;Metachirus nudicaudatus;4
5;Monodelphis americana;Monodelphis americana;5
5;Monodelphis domestica;Monodelphis domestica;4
5;Necromys lasiurus;Necromys lasiurus;2
5;Nectomys rattus;Nectomys rattus;4
5;Oecomys catherinae;Oecomys catherinae;1
5;Oligoryzomys fornesi;Oligoryzomys fornesi;1
5;Oxymycterus angularis;Oxymycterus angularis;4
5;Phyllomys sp.;Phyllomys sp.;1
5;Thrichomys laurentius;Thrichomys laurentius;1
6;Cerradomys subflavus;Cerradomys langguthi;6
6;Didelphis albiventris;Didelphis albiventris;60
6;Didelphis aurita;Didelphis aurita;26
6;Micoureus demerarae;Marmosa demerarae;49
6;Marmosa murina;Marmosa murina;67
6;Metachirus nudicaudatus;Metachirus nudicaudatus;23
6;Monodelphis domestica;Monodelphis domestica;16
6;Nectomys rattus;Nectomys rattus;28
6;Guerlinguetus alphonsei;Sciurus aestuans;1
6;Thrichomys laurentius;Thrichomys laurentius;105
7;Didelphis albiventris;Didelphis albiventris;1
7;Didelphis aurita;Didelphis aurita;3
7;Micoureus demerarae;Marmosa demerarae;12
7;Marmosa murina;Marmosa murina;3
7;Metachirus nudicaudatus;Metachirus nudicaudatus;4
7;Nectomys rattus;Nectomys rattus;13
7;Rhipidomys mastacalis;Rhipidomys mastacalis;1
8;Caluromys philander;Caluromys philander;1
8;Cerradomys langguthi;Cerradomys langguthi;2
8;Cryptonanus agricolai;Cryptonanus agricolai;1
8;Didelphis albiventris;Didelphis albiventris;4
8;Holochilus sciureus;Holochilus sciureus;2
8;Micoureus demerarae;Marmosa demerarae;7
8;Marmosa murina;Marmosa murina;19
8;Monodelphis domestica;Monodelphis domestica;13
8;Rattus rattus;Rattus rattus;2
8;Thrichomys laurentius;Thrichomys laurentius;35
9;Akodon cursor ;Akodon cursor;31
9;Caluromys philander;Caluromys philander;1
9;Didelphis albiventris;Didelphis albiventris;6
9;Micoureus demerarae;Marmosa demerarae;3
9;Marmosa murina;Marmosa murina;6
9;Metachirus nudicaudatus;Metachirus nudicaudatus;1
9;Monodelphis americana;Monodelphis americana;1
9;Nectomys rattus;Nectomys rattus;4
9;Phyllomys sp.;Phyllomys sp.;3
9;Rattus rattus;Rattus rattus;2
10;Marmosa murina;Marmosa murina;3
10;Rattus rattus;Rattus rattus;1
11;Caluromys philander;Caluromys philander;1
11;Didelphis albiventris;Didelphis albiventris;5
11;Micoureus demerarae;Marmosa demerarae;3
11;Marmosa murina;Marmosa murina;5
11;Metachirus nudicaudatus;Metachirus nudicaudatus;5
11;Monodelphis domestica;Monodelphis domestica;1
12;Akodon cursor;Akodon cursor;4
12;Oryzomys subflavus;Cerradomys subflavus;2
12;Didelphis albiventris;Didelphis albiventris;13
12;Marmosa murina;Marmosa murina;18
12;Monodelphis americana;Monodelphis americana;1
12;Necromys lasiurus;Necromys lasiurus;1
12;Rhipidomys mastacalis;Rhipidomys mastacalis;25
13;Nectomys squamipes;Nectomys squamipes;86
13;Bolomys lasiurus;Necromys lasiurus;37
13;Akodon arviculoides;Akodon cursor;38
13;Didelphis albiventris;Didelphis albiventris;29
13;Holochilus sciureus;Holochilus sciureus;10
13;Marmosa sp.;Marmosa murina;9
13;Monodelphis domestica;Monodelphis domestica;4
13;Oryzomys subflavus;Cerradomys subflavus;3
13;Oryzomys lamia;Euryoryzomys lamia;1
14;Akodon cursor;Akodon cursor;1
14;Cerradomys subflavus;Cerradomys subflavus;2
14;Didelphis albiventris;Didelphis albiventris;2
14;Didelphis aurita;Didelphis aurita;4
14;Marmosa demerarae;Marmosa demerarae;11
14;Marmosa murina;Marmosa murina;3
14;Metachirus nudicaudatus;Metachirus nudicaudatus;10
14;Monodelphis americana;Monodelphis americana;2
14;Monodelphis domestica;Monodelphis domestica;3
14;Necromys lasiurus;Necromys lasiurus;1
14;Nectomys squamipes;Nectomys squamipes;2
14;Oecomys bahiensis;Oecomys catherinae;2
14;Rhipidomys mastacalis;Rhipidomys mastacalis;7
15;Akodon cursor ;Akodon cursor;1
15;Didelphis albiventris;Didelphis albiventris;2
15;Hylaeamys oniscus;Hylaeamys oniscus;44
15;Micoureus demerarae;Marmosa demerarae;11
15;Marmosa murina;Marmosa murina;2
15;Metachirus nudicaudatus;Metachirus nudicaudatus;6
15;Monodelphis americana;Monodelphis americana;2
15;Nectomys rattus;Nectomys rattus;2
15;Oecomys catherinae;Oecomys catherinae;1
15;Rhipidomys mastacalis;Rhipidomys mastacalis;13
16;Cerradomys subflavus;Cerradomys subflavus;3
16;Didelphis albiventris;Didelphis albiventris;1
16;Hylaeamys oniscus;Hylaeamys oniscus;1
16;Micoureus demerarae;Marmosa demerarae;3
16;Oecomys bahiensis;Oecomys catherinae;1
16;Rhipidomys mastacalis;Rhipidomys mastacalis;2
17;Akodon sp.;Akodon sp.;10
17;Didelphis marsupialis;Didelphis aurita;8
17;Gracilinanus sp.;Gracilinanus sp.;8
17;Micoureus cinereus;Marmosa demerarae;40
17;Marmosops sp.;Marmosops incanus;21
17;Metachirus nudicaudatus;Metachirus nudicaudatus;6
17;Oxymycterus sp ;Oxymycterus sp.;9
17;Rhipidomys sp.;Rhipidomys mastacalis;12
17;Proechimys trinomys;Trinomys sp.;49
18;Akodon cursor;Akodon cursor;17
18;Cerradomys vivoi;Cerradomys vivoi;16
18;Gracilinanus microtarsus;Gracilinanus microtarsus;2
18;Marmosops incanus;Marmosops incanus;43
18;Necromys lasiurus;Necromys lasiurus;2
18;Oligoryzomys fornesi;Oligoryzomys fornesi;6
18;Oligoryzomys nigripes;Oligoryzomys nigripes;3
18;Oligoryzomys rupestris;Oligoryzomys rupestris;1
18;Rhipidomys sp.;Rhipidomys sp.;1
18;Thrichomys inermis;Thrichomys inermis;20
19;Cerradomys vivoi;Cerradomys vivoi;2
19;Kerodon rupestris;Kerodon rupestris;3
19;Oligoryzomys nigripes;Oligoryzomys nigripes;2
19;Thrichomys apereoides;Thrichomys apereoides;38
20;Akodon cursor;Akodon cursor;4
20;Didelphis aurita;Didelphis aurita;9
20;Gracilinanus microtarsus;Gracilinanus microtarsus;3
20;Marmosa murina;Marmosa murina;7
20;Micoureus paraguayanus ;Marmosa paraguayana;5
20;Marmosops incanus;Marmosops incanus;23
20;Metachirus nudicaudatus;Metachirus nudicaudatus;14
20;Monodelphis americana;Monodelphis americana;3
20;Oligoryzomys sp.;Oligoryzomys sp.;2
20;Rhipidomys sp.;Rhipidomys sp.;1
20;Trinomys albispinus;Trinomys albispinus;12
20;Trinomys setosus;Trinomys setosus;10
21;Gracilinanus microtarsus;Gracilinanus microtarsus;4
21;Marmosops incanus;Marmosops incanus;4
21;Nectomys squamipes;Nectomys squamipes;2
21;Oxymycterus dasytrichus;Oxymycterus dasytrichus;1
21;Trinomys setosus;Trinomys setosus;7
22;Akodon cursor;Akodon cursor;33
22;Cerradomys vivoi;Cerradomys vivoi;2
22;Didelphis aurita;Didelphis aurita;6
22;Euryoryzomys russatus;Euryoryzomys russatus;2
22;Hylaeamys laticeps;Hylaeamys seuanezi;13
22;Marmosa murina;Marmosa murina;11
22;Micoureus paraguayanus;Marmosa paraguayana;1
22;Marmosops incanus;Marmosops incanus;23
22;Metachirus nudicaudatus;Metachirus nudicaudatus;3
22;Monodelphis americana;Monodelphis americana;7
22;Necromys lasiurus;Necromys lasiurus;1
22;Oecomys catherinae;Oecomys catherinae;2
22;Oxymycterus dasytrichus;Oxymycterus dasytrichus;10
22;Rhipidomys mastacalis;Rhipidomys mastacalis;1
23;Akodon cursor;Akodon cursor;15
23;Didelphis aurita;Didelphis aurita;33
23;Euryoryzomys russatus;Euryoryzomys russatus;33
23;Gracilinanus sp.;Gracilinanus sp.;7
23;Hylaeamys laticeps;Hylaeamys seuanezi;28
23;Marmosa murina;Marmosa murina;1
23;Marmosa paraguayana;Marmosa paraguayana;3
23;Marmosops incanus;Marmosops incanus;9
23;Metachirus nudicaudatus;Metachirus nudicaudatus;34
23;Monodelphis americana;Monodelphis americana;22
23;Nectomys squamipes;Nectomys squamipes;8
23;Oecomys catherinae;Oecomys catherinae;5
23;Oligoryzomys nigripes;Oligoryzomys nigripes;17
23;Oxymycterus sp.;Oxymycterus sp.;9
23;Rhipidomys mastacalis;Rhipidomys mastacalis;3
24;Akodon cursor;Akodon cursor;2
24;Didelphis albiventris;Didelphis albiventris;1
24;Didelphis aurita;Didelphis aurita;15
24;Euryoryzomys russatus;Euryoryzomys russatus;8
24;Gracilinanus sp.;Gracilinanus sp.;2
24;Hylaeamys laticeps;Hylaeamys seuanezi;12
24;Marmosa murina;Marmosa murina;1
24;Marmosa paraguayana;Marmosa paraguayana;1
24;Marmosops incanus;Marmosops incanus;2
24;Metachirus nudicaudatus;Metachirus nudicaudatus;19
24;Monodelphis americana;Monodelphis americana;10
24;Oligoryzomys nigripes;Oligoryzomys nigripes;9
24;Oxymycterus sp.;Oxymycterus sp.;15
24;Rhipidomys mastacalis;Rhipidomys mastacalis;1
25;Akodon arviculoides;Akodon cursor;186
25;Isothrix picta;Callistomys pictus;1
25;Didelphis marsupialis;Didelphis aurita;76
25;Oryzomys sp.;Euryoryzomys russatus;106
25;Marmosa agilis;Gracilinanus agilis;9
25;Oryzomys oniscus;Hylaeamys seuanezi;170
25;Marmosa murina;Marmosa murina;98
25;Marmosa cinerea;Marmosa paraguayana;95
25;Marmosa incana;Marmosops incanus;121
25;Metachirus nudicaudatus;Metachirus nudicaudatus;62
25;Monodelphis americana;Monodelphis americana;6
25;Nectomys squamipes;Nectomys squamipes;161
25;Oecomys cinnamomeus;Oecomys catherinae;13
25;Oryzomys eliurus;Oligoryzomys nigripes;169
25;Phyllomys blainvillei/brasiliensis;Phyllomys pattoni;2
25;Rattus rattus;Rattus rattus;2
25;Rhipidomys maculipes;Rhipidomys mastacalis;36
25;Guerlinguetus ingrami;Sciurus aestuans;3
25;Akodon nigrita;Thaptomys nigrita;60
25;Proechimys setosus;Trinomys setosus;1
26;Akodon cursor;Akodon cursor;4
26;Didelphis aurita;Didelphis aurita;2
26;Euryoryzomys russatus;Euryoryzomys russatus;3
26;Gracilinanus agilis;Gracilinanus agilis;1
26;Hylaeamys laticeps;Hylaeamys seuanezi;20
26;Marmosa murina;Marmosa murina;2
26;Nectomys squamipes;Nectomys squamipes;13
26;Oligoryzomys nigripes;Oligoryzomys nigripes;9
26;Rhipidomys mastacalis;Rhipidomys mastacalis;64
27;Akodon cursor;Akodon cursor;1
27;Marmosa murina;Marmosa murina;8
27;Metachirus nudicaudatus;Metachirus nudicaudatus;2
27;Philander opossum;Philander frenatus;2
27;Rattus rattus;Rattus rattus;10
28;Akodon arviculoides;Akodon cursor;11
28;Blarinomys breviceps;Blarinomys breviceps;5
28;Didelphis marsupialis;Didelphis aurita;156
28;Oryzomys sp.;Euryoryzomys russatus;146
28;Marmosa agilis;Gracilinanus agilis;16
28;Oryzomys oniscus;Hylaeamys seuanezi;700
28;Marmosa murina;Marmosa murina;26
28;Marmosa cinerea;Marmosa paraguayana;61
28;Marmosa incana;Marmosops incanus;6
28;Metachirus nudicaudatus;Metachirus nudicaudatus;206
28;Monodelphis americana;Monodelphis americana;10
28;Nectomys squamipes;Nectomys squamipes;146
28;Oecomys cinnamomeus;Oecomys catherinae;3
28;Oryzomys eliurus;Oligoryzomys nigripes;10
28;Metachirops opossum;Philander frenatus;1
28;Phyllomys blainvillei/brasiliensis;Phyllomys pattoni;8
28;Rattus rattus;Rattus rattus;7
28;Rhipidomys maculipes;Rhipidomys mastacalis;11
28;Guerlinguetus ingrami;Sciurus aestuans;12
28;Akodon nigrita;Thaptomys nigrita;192
28;Proechimys setosus;Trinomys setosus;33
29;Akodon cursor;Akodon cursor;96
29;Blarinomys breviceps;Blarinomys breviceps;19
29;Oryzomys subflavus;Cerradomys subflavus;9
29;Didelphis aurita;Didelphis aurita;11
29;Oryzomys russatus;Euryoryzomys russatus;14
29;Gracilinanus microtarsus;Gracilinanus microtarsus;4
29;Oryzomys laticeps;Hylaeamys seuanezi;338
29;Micoureus demerarae;Marmosa demerarae;105
29;Marmosa murina;Marmosa murina;288
29;Marmosa sp.;Marmosa sp.;1
29;Marmosops incanus;Marmosops incanus;115
29;Metachirus nudicaudatus;Metachirus nudicaudatus;13
29;Monodelphis americana;Monodelphis americana;165
29;Nectomys squamipes;Nectomys squamipes;1
29;Oecomys sp.;Oecomys catherinae;4
29;Oligoryzomys sp.;Oligoryzomys sp.;172
29;Phyllomys sp.;Phyllomys sp.;1
29;Rhipidomys mastacalis;Rhipidomys mastacalis;296
29;Sciurus incanus;Sciurus aestuans;1
29;Thaptomys sp.;Thaptomys nigrita;71
30;Akodon cursor;Akodon cursor;49
30;Didelphis aurita;Didelphis aurita;5
30;Gracilinanus sp.;Gracilinanus sp.;10
30;Oryzomys laticeps;Hylaeamys seuanezi;4
30;Marmosa murina;Marmosa murina;4
30;Oligoryzomys sp.;Oligoryzomys sp.;20
30;Oryzomys sp.;Oryzomys sp.;18
30;Rhipidomys mastacalis;Rhipidomys mastacalis;47
30;Thaptomys nigrita;Thaptomys nigrita;4
31;Didelphis aurita;Didelphis aurita;1
31;Gracilinanus sp.;Gracilinanus sp.;4
31;Oryzomys laticeps;Hylaeamys seuanezi;37
31;Marmosa murina;Marmosa murina;2
31;Marmosops incanus;Marmosops incanus;16
31;Metachirus nudicaudatus;Metachirus nudicaudatus;1
31;Micoureus demerarae;Marmosa demerarae;8
31;Monodelphis americana;Monodelphis americana;9
31;Oligoryzomys sp.;Oligoryzomys sp.;1
31;Rhipidomys mastacalis;Rhipidomys mastacalis;27
31;Thaptomys nigrita;Thaptomys nigrita;2
32;Akodon cursor;Akodon cursor;2
32;Blarinomys breviceps;Blarinomys breviceps;2
32;Didelphis aurita;Didelphis aurita;7
32;Euryoryzomys russatus;Euryoryzomys russatus;2
32;Hylaeamys laticeps;Hylaeamys seuanezi;104
32;Marmosa demerarae;Marmosa demerarae;22
32;Marmosa murina;Marmosa murina;54
32;Monodelphis americana;Monodelphis americana;17
32;Necromys lasiurus;Necromys lasiurus;1
32;Nectomys squamipes;Nectomys squamipes;2
32;Oecomys catherinae;Oecomys catherinae;4
32;Oligoryzomys nigripes;Oligoryzomys nigripes;11
32;Rhipidomys mastacalis;Rhipidomys mastacalis;10
32;Thaptomys nigrita;Thaptomys nigrita;13
33;Blarinomys breviceps;Blarinomys breviceps;2
33;Didelphis aurita;Didelphis aurita;5
33;Hylaeamys laticeps;Hylaeamys seuanezi;53
33;Marmosa demerarae;Marmosa demerarae;11
33;Marmosa murina;Marmosa murina;19
33;Monodelphis americana;Monodelphis americana;11
33;Necromys lasiurus;Necromys lasiurus;1
33;Oecomys catherinae;Oecomys catherinae;3
33;Oligoryzomys nigripes;Oligoryzomys nigripes;3
33;Rhipidomys mastacalis;Rhipidomys mastacalis;3
33;Thaptomys nigrita;Thaptomys nigrita;10
34;Akodon cursor;Akodon cursor;3
34;Didelphis aurita;Didelphis aurita;4
34;Hylaeamys laticeps;Hylaeamys seuanezi;15
34;Marmosa murina;Marmosa murina;16
34;Marmosops incanus;Marmosops incanus;4
34;Rhipidomys mastacalis;Rhipidomys mastacalis;2
34;Guerlinguetus ingrami;Sciurus aestuans;1
35;Akodon cursor;Akodon cursor;2
35;Calomys sp.;Calomys sp.;2
35;Cerradomys sp.;Cerradomys sp.;3
35;Didelphis aurita;Didelphis aurita;6
35;Gracilinanus agilis;Gracilinanus agilis;4
35;Gracilinanus sp.;Gracilinanus sp.;1
35;Hylaeamys laticeps;Hylaeamys seuanezi;28
35;Marmosa murina;Marmosa murina;10
35;Marmosops incanus;Marmosops incanus;5
35;Monodelphis americana;Monodelphis americana;2
35;Monodelphis sp.;Monodelphis sp.;1
35;Necromys lasiurus;Necromys lasiurus;1
35;Oecomys catherinae;Oecomys catherinae;1
35;Oligoryzomys nigripes;Oligoryzomys nigripes;3
35;Rhipidomys mastacalis;Rhipidomys mastacalis;4
35;Guerlinguetus ingrami;Sciurus aestuans;3
35;Thaptomys nigrita;Thaptomys nigrita;3
36;Cerradomys subflavus;Cerradomys subflavus;18
36;Gracilinanus microtarsus;Gracilinanus microtarsus;3
36;Marmosops incanus;Marmosops incanus;1
36;Monodelphis americana;Monodelphis americana;1
36;Oligoryzomys sp.;Oligoryzomys sp.;36
36;Oxymycterus sp.;Oxymycterus sp.;2
36;Philander frenatus;Philander frenatus;1
36;Rhipidomys mastacalis;Rhipidomys mastacalis;52
36;Thrichomys apereoides;Thrichomys apereoides;3
37;Akodon cursor;Akodon cursor;9
37;Cerradomys subflavus;Cerradomys subflavus;1
37;Didelphis aurita;Didelphis aurita;3
37;Gracilinanus microtarsus;Gracilinanus microtarsus;4
37;Marmosops incanus;Marmosops incanus;7
37;Necromys lasiurus;Necromys lasiurus;6
37;Nectomys squamipes;Nectomys squamipes;2
37;Oecomys catherinae;Oecomys catherinae;3
37;Oligoryzomys nigripes;Oligoryzomys nigripes;1
37;Oxymycterus dasytrichus;Oxymycterus dasytrichus;1
37;Philander frenatus;Philander frenatus;2
38;Abrawayaomys ruschii;Abrawayaomys ruschii;1
38;Akodon cursor;Akodon cursor;237
38;Calomys laucha;Calomys laucha;8
38;Caluromys philander;Caluromys philander;65
38;Oryzomys subflavus;Cerradomys subflavus;33
38;Didelphis marsupialis;Didelphis aurita;55
38;Gracilinanus sp.;Gracilinanus sp.;1
38;Oryzomys capito;Hylaeamys megacephalus;81
38;Marmosa cinerea;Marmosa paraguayana;189
38;Marmosa incana;Marmosops incanus;137
38;Metachirus nudicaudatus;Metachirus nudicaudatus;148
38;Monodelphis americana;Monodelphis americana;1
38;Monodelphis sp.;Monodelphis sp.;2
38;Nectomys squamipes;Nectomys squamipes;23
38;Oryzomys trinitatis;Oecomys catherinae;60
38;Oryzomys nigripes;Oligoryzomys nigripes;10
38;Oxymycterus roberti;Oxymycterus roberti;9
38;Rattus norvegicus;Rattus norvegicus;1
38;Rhipidomys mastacalis;Rhipidomys mastacalis;4
39;Abrawayaomys ruschii;Abrawayaomys ruschii;1
39;Akodon cursor;Akodon cursor;28
39;Caluromys philander;Caluromys philander;6
39;Oryzomys subflavus;Cerradomys subflavus;1
39;Didelphis marsupialis;Didelphis aurita;15
39;Marmosa microtarsus;Gracilinanus microtarsus;1
39;Oryzomys capito;Hylaeamys megacephalus;1
39;Marmosa cinerea;Marmosa paraguayana;43
39;Marmosa incana;Marmosops incanus;63
39;Metachirus nudicaudatus;Metachirus nudicaudatus;57
39;Nectomys squamipes;Nectomys squamipes;6
39;Oryzomys trinitatis;Oecomys catherinae;22
39;Oxymycterus sp.;Oxymycterus sp.;2
39;Rhipidomys mastacalis;Rhipidomys mastacalis;1
40;Caluromys philander;Caluromys philander;5
40;Oryzomys subflavus;Cerradomys subflavus;1
40;Didelphis aurita;Didelphis aurita;16
40;Oryzomys seuanezi;Hylaeamys seuanezi;8
40;Micoureus demerarae;Marmosa paraguayana;12
40;Marmosops incanus;Marmosops incanus;4
40;Metachirus nudicaudatus;Metachirus nudicaudatus;12
40;Oryzomys sp.;Oryzomys sp.;1
40;Echimys sp.;Phyllomys sp.;1
40;Rhipidomys mastacalis;Rhipidomys mastacalis;1
40;Sciurus aestuans;Sciurus aestuans;3
41;Akodon cursor;Akodon cursor;1
41;Didelphis marsupialis;Didelphis aurita;70
41;Marmosa agilis;Gracilinanus agilis;4
41;Marmosa incana;Marmosops incanus;54
41;Metachirus nudicaudatus;Metachirus nudicaudatus;34
41;Nectomys squamipes;Nectomys squamipes;2
41;Oryzomys trinitatis;Oecomys catherinae;44
41;Oryzomys nigripes;Oligoryzomys nigripes;4
41;Philander opossum;Philander frenatus;12
41;Echimys sp.;Phyllomys sp.;1
41;Proechimys setosus;Trinomys setosus;100
42;Akodon cursor;Akodon cursor;159
42;Didelphis albiventris;Didelphis albiventris;7
42;Didelphis marsupialis;Didelphis aurita;8
42;Marmosa agilis;Gracilinanus agilis;39
42;Thomasomys pictipes;Juliomys pictipes;24
42;Marmosa incana;Marmosops incanus;114
42;Nectomys squamipes;Nectomys squamipes;2
42;Oryzomys trinitatis;Oecomys catherinae;48
42;Oligoryzomys fornesi;Oligoryzomys fornesi;8
42;Oxymycterus hispidus;Oxymycterus hispidus;15
42;Philander opossum;Philander frenatus;9
42;Rhipidomys mastacalis;Rhipidomys mastacalis;13
42;Proechimys dimidiatus;Trinomys dimidiatus;85
43;Akodon cursor;Akodon cursor;33
43;Oryzomys subflavus;Cerradomys subflavus;9
43;Didelphis albiventris;Didelphis albiventris;6
43;Didelphis aurita;Didelphis aurita;1
43;Marmosops incanus;Marmosops incanus;10
43;Nectomys squamipes;Nectomys squamipes;11
43;Oecomys trinitatis;Oecomys catherinae;2
43;Oligoryzomys flavescens;Oligoryzomys flavescens;17
43;Oxymycterus dasytrichus;Oxymycterus dasytrichus;2
43;Philander frenata;Philander frenatus;6
43;Rattus norvegicus;Rattus norvegicus;2
43;Trinomys setosus;Trinomys setosus;33
44;Akodon montensis;Akodon montensis;10
44;Didelphis albiventris;Didelphis albiventris;12
44;Gracilinanus agilis;Gracilinanus agilis;8
44;Marmosops incanus;Marmosops incanus;81
44;Mus musculus;Mus musculus;1
44;Philander frenatus;Philander frenatus;9
44;Rhipidomys mastacalis;Rhipidomys mastacalis;10
45;Akodon cursor;Akodon cursor;5
45;Oryzomys subflavus;Cerradomys subflavus;2
45;Didelphis aurita;Didelphis aurita;3
45;Oryzomys russatus;Euryoryzomys russatus;16
45;Kannabateomys amblyonyx;Kannabateomys amblyonyx;3
45;Micoureus demerarae;Marmosa paraguayana;3
45;Marmosops incanus;Marmosops incanus;9
45;Monodelphis domestica;Monodelphis domestica;1
45;Nectomys squamipes;Nectomys squamipes;6
45;Oligoryzomys nigripes;Oligoryzomys nigripes;27
45;Philander frenatus;Philander frenatus;1
45;Phyllomys pattoni;Phyllomys pattoni;1
45;Thaptomys nigrita;Thaptomys nigrita;15
45;Trinomys iheringi;Trinomys iheringi;5
46;Akodon cursor;Akodon cursor;21
46;Caluromys philander;Caluromys philander;9
46;Didelphis aurita;Didelphis aurita;34
46;Euryoryzomys russatus;Euryoryzomys russatus;46
46;Gracilinanus microtarsus;Gracilinanus microtarsus;56
46;Juliomys pictipes;Juliomys pictipes;1
46;Micoureus paraguayanus;Marmosa paraguayana;14
46;Marmosops incanus;Marmosops incanus;157
46;Metachirus nudicaudatus;Metachirus nudicaudatus;1
46;Nectomys squamipes;Nectomys squamipes;29
46;Oecomys catherinae;Oecomys catherinae;1
46;Oligoryzomys nigripes;Oligoryzomys nigripes;3
46;Philander frenatus;Philander frenatus;2
46;Rattus rattus;Rattus rattus;1
46;Rhipidomys mastacalis;Rhipidomys mastacalis;30
46;Guerlinguetus aestuans;Sciurus aestuans;33
46;Thaptomys nigrita;Thaptomys nigrita;3
46;Trinomys paratus;Trinomys paratus;12
47;Didelphis aurita;Didelphis aurita;4
47;Euryoryzomys russatus;Euryoryzomys russatus;3
47;Gracilinanus microtarsus;Gracilinanus microtarsus;11
47;Micoureus paraguayanus;Marmosa paraguayana;3
47;Marmosops incanus;Marmosops incanus;36
47;Nectomys squamipes;Nectomys squamipes;21
47;Oligoryzomys nigripes;Oligoryzomys nigripes;1
47;Philander frenatus;Philander frenatus;3
47;Rhipidomys mastacalis;Rhipidomys mastacalis;2
47;Guerlinguetus aestuans;Sciurus aestuans;11
48;Didelphis marsupialis;Didelphis aurita;59
48;Marmosa agilis;Gracilinanus agilis;3
48;Marmosa incana;Marmosops incanus;10
48;Metachirus nudicaudatus;Metachirus nudicaudatus;14
48;Nectomys squamipes;Nectomys squamipes;2
48;Oryzomys trinitatis;Oecomys catherinae;18
48;Oryzomys nigripes;Oligoryzomys nigripes;1
48;Philander opossum;Philander frenatus;2
48;Proechimys setosus;Trinomys setosus;10
49;Akodon cursor;Akodon cursor;1
49;Didelphis aurita;Didelphis aurita;12
49;Gracilinanus microtarsus;Gracilinanus microtarsus;1
49;Marmosa paraguayana;Marmosa paraguayana;11
49;Marmosops incanus;Marmosops incanus;4
49;Monodelphis americana;Monodelphis americana;1
49;Nectomys squamipes;Nectomys squamipes;1
49;Philander frenatus;Philander frenatus;3
49;Trinomys paratus;Trinomys paratus;8
50;Akodon cursor;Akodon cursor;1
50;Caluromys philander;Caluromys philander;1
50;Didelphis aurita;Didelphis aurita;94
50;Euryoryzomys russatus;Euryoryzomys russatus;14
50;Gracilinanus microtarsus;Gracilinanus microtarsus;1
50;Marmosa murina;Marmosa murina;3
50;Micoureus paraguayanus;Marmosa paraguayana;6
50;Marmosops incanus;Marmosops incanus;43
50;Metachirus nudicaudatus;Metachirus nudicaudatus;44
50;Nectomys squamipes;Nectomys squamipes;6
50;Oxymycterus sp.;Oxymycterus sp.;1
50;Philander frenatus;Philander frenatus;9
50;Phyllomys pattoni;Phyllomys pattoni;1
50;Guerlinguetus ingrami;Sciurus aestuans;9
50;Trinomys paratus;Trinomys paratus;146
51;Akodon cursor;Akodon cursor;3
51;Didelphis aurita;Didelphis aurita;1
51;Oryzomys russatus;Euryoryzomys russatus;1
51;Marmosa murina;Marmosa murina;1
51;Micoureus demerarae;Marmosa paraguayana;2
51;Marmosops incanus;Marmosops incanus;2
51;Metachirus nudicaudatus;Metachirus nudicaudatus;9
51;Monodelphis americana;Monodelphis americana;5
51;Monodelphis domestica;Monodelphis domestica;1
51;Nectomys squamipes;Nectomys squamipes;7
51;Oecomys sp.;Oecomys catherinae;1
51;Oligoryzomys nigripes;Oligoryzomys nigripes;4
51;Rhipidomys mastacalis;Rhipidomys mastacalis;1
51;Trinomys iheringi;Trinomys iheringi;1
52;Akodon cursor;Akodon cursor;5
52;Didelphis aurita;Didelphis aurita;5
52;Gracilinanus microtarsus;Gracilinanus microtarsus;10
52;Juliomys pictipes;Juliomys pictipes;2
52;Micoureus demerarae;Marmosa paraguayana;5
52;Marmosops incanus;Marmosops incanus;10
52;Metachirus nudicaudatus;Metachirus nudicaudatus;21
52;Monodelphis americana;Monodelphis americana;29
52;Monodelphis iheringi;Monodelphis iheringi;7
52;Nectomys squamipes;Nectomys squamipes;10
52;Oecomys sp.;Oecomys catherinae;2
52;Oligoryzomys nigripes;Oligoryzomys nigripes;26
52;Philander frenatus;Philander frenatus;2
52;Phyllomys pattoni;Phyllomys pattoni;3
52;Rattus rattus;Rattus rattus;1
52;Rhipidomys mastacalis;Rhipidomys mastacalis;15
52;Thaptomys nigrita;Thaptomys nigrita;2
52;Trinomys paratus;Trinomys paratus;40
53;Caluromys philander;Caluromys philander;1
53;Didelphis aurita;Didelphis aurita;13
53;Marmosa murina;Marmosa murina;40
53;Metachirus nudicaudatus;Metachirus nudicaudatus;2
53;Phyllomys pattoni;Phyllomys pattoni;8
53;Rattus rattus;Rattus rattus;19
53;Sciurus aestuans;Sciurus aestuans;1
54;Akodon cursor;Akodon cursor;52
54;Didelphis aurita;Didelphis aurita;17
54;Euryzygomatomys spinosus;Euryzygomatomys spinosus;1
54;Marmosa murina;Marmosa murina;9
54;Micoureus paraguayanus;Marmosa paraguayana;3
54;Marmosops incanus;Marmosops incanus;10
54;Metachirus nudicaudatus;Metachirus nudicaudatus;34
54;Monodelphis americana;Monodelphis americana;2
54;Nectomys squamipes;Nectomys squamipes;78
54;Oligoryzomys nigripes;Oligoryzomys nigripes;1
54;Oxymycterus dasytrichus;Oxymycterus dasytrichus;7
54;Philander frenatus;Philander frenatus;3
54;Phyllomys pattoni;Phyllomys pattoni;1
54;Rattus rattus;Rattus rattus;5
54;Trinomys paratus;Trinomys paratus;27
55;Akodon cursor;Akodon cursor;53
55;Caluromys philander;Caluromys philander;3
55;Didelphis aurita;Didelphis aurita;13
55;Gracilinanus microtarsus;Gracilinanus microtarsus;2
55;Marmosa murina;Marmosa murina;24
55;Micoureus paraguayanus;Marmosa paraguayana;16
55;Marmosops incanus;Marmosops incanus;10
55;Metachirus nudicaudatus;Metachirus nudicaudatus;17
55;Monodelphis americana;Monodelphis americana;1
55;Nectomys squamipes;Nectomys squamipes;22
55;Oecomys catherinae;Oecomys catherinae;3
55;Rhipidomys mastacalis;Rhipidomys mastacalis;1
55;Guerlinguetus ingrami;Sciurus aestuans;6
55;Trinomys paratus;Trinomys paratus;16
56;Akodon cursor;Akodon cursor;48
56;Akodon mystax;Akodon mystax;17
56;Brucepattersonius griserufescens;Brucepattersonius griserufescens;18
56;Calomys expulsus;Calomys expulsus;1
56;Akodon serrensis;Castoria angustidens;83
56;Cavia aperea;Cavia aperea;1
56;Delomys collinus;Delomys collinus;64
56;Didelphis aurita;Didelphis aurita;2
56;Oryzomys russatus;Euryoryzomys russatus;2
56;Euryzygomatomys spinosus;Euryzygomatomys spinosus;2
56;Marmosops incanus;Marmosops incanus;19
56;Monodelphis touan;Monodelphis sp.;2
56;Bolomys lasiurus;Necromys lasiurus;24
56;Nectomys squamipes;Nectomys squamipes;3
56;Oligoryzomys flavescens;Oligoryzomys flavescens;23
56;Oligoryzomys nigripes;Oligoryzomys nigripes;15
56;Oxymycterus caparaoe;Oxymycterus caparaoe;26
56;Oxymycterus hispidus;Oxymycterus hispidus;8
56;Philander frenatus;Philander frenatus;13
56;Oryzomys angouya;Sooretamys angouya;6
56;Thaptomys nigrita;Thaptomys nigrita;14
56;Proechimys gratiosus;Trinomys gratiosus;5
57;Bibimys labiosus;Bibimys labiosus;2
57;Blarinomys breviceps ;Blarinomys breviceps;3
57;Calomys tener ;Calomys tener;1
57;Akodon serrensis ;Castoria angustidens;27
57;Didelphis albiventris ;Didelphis albiventris;1
57;Marmosops incanus ;Marmosops incanus;8
57;Monodelphis americana ;Monodelphis americana;13
57;Monodelphis domestica;Monodelphis domestica;1
57;Necromys lasiurus ;Necromys lasiurus;2
57;Oligoryzomys nigripes ;Oligoryzomys nigripes;199
57;Rhagomys rufescens ;Rhagomys rufescens;2
58;Akodon cursor;Akodon cursor;77
58;Brucepattersonius griserufescens;Brucepattersonius griserufescens;3
58;Delomys sublineatus;Delomys sublineatus;3
58;Didelphis aurita;Didelphis aurita;1
58;Euryoryzomys russatus;Euryoryzomys russatus;1
58;Gracilinanus microtarsus;Gracilinanus microtarsus;1
58;Marmosops incanus;Marmosops incanus;30
58;Monodelphis americana;Monodelphis americana;1
58;Oligoryzomys nigripes;Oligoryzomys nigripes;225
58;Oxymycterus dasytrichus;Oxymycterus dasytrichus;19
58;Philander frenatus;Philander frenatus;9
58;Rhagomys rufescens;Rhagomys rufescens;1
58;Rhipidomys mastacalis;Rhipidomys mastacalis;3
58;Thaptomys nigrita;Thaptomys nigrita;4
58;Trinomys gratiosus;Trinomys gratiosus;5
59;Didelphis aurita;Didelphis aurita;9
59;Marmosops incanus;Marmosops incanus;40
59;Nectomys squamipes;Nectomys squamipes;5
60;Akodon cursor;Akodon cursor;90
60;Calomys tener ;Calomys tener;1
60;Akodon serrensis;Castoria angustidens;74
60;Cerradomys subflavus;Cerradomys subflavus;1
60;Delomys sublineatus;Delomys sublineatus;23
60;Gracilinanus agilis;Gracilinanus agilis;7
60;Juliomys ossitenuis;Juliomys ossitenuis;4
60;Marmosops incanus;Marmosops incanus;20
60;Marmosops paulensis;Marmosops paulensis;3
60;Monodelphis americana;Monodelphis americana;7
60;Monodelphis scalops;Monodelphis scalops;1
60;Necromys lasiurus;Necromys lasiurus;2
60;Nectomys squamipes;Nectomys squamipes;2
60;Oligoryzomys flavescens;Oligoryzomys flavescens;1
60;Oligoryzomys nigripes;Oligoryzomys nigripes;24
60;Oxymycterus dasytrichus;Oxymycterus dasytrichus;32
60;Philander frenatus;Philander frenatus;10
60;Rhipidomys mastacalis;Rhipidomys mastacalis;3
60;Sooretamys angouya;Sooretamys angouya;10
60;Thaptomys nigrita;Thaptomys nigrita;67
60;Trinomys gratiosus;Trinomys gratiosus;2
61;Akodon cursor;Akodon cursor;73
61;Bibimys labiosus;Bibimys labiosus;1
61;Calomys callosus;Calomys callosus;2
61;Oryzomys subflavus;Cerradomys subflavus;18
61;Didelphis aurita;Didelphis aurita;28
61;Euryzygomatomys spinosus;Euryzygomatomys spinosus;1
61;Gracilinanus agilis;Gracilinanus agilis;3
61;Holochilus sciureus;Holochilus sciureus;1
61;Monodelphis americana;Monodelphis americana;7
61;Bolomys lasiurus;Necromys lasiurus;2
61;Nectomys squamipes;Nectomys squamipes;5
61;Oligoryzomys nigripes;Oligoryzomys nigripes;178
61;Oxymycterus rufus;Oxymycterus rufus;8
61;Oxymycterus sp ;Oxymycterus sp.;6
61;Philander opossum;Philander frenatus;1
61;Echimys sp.;Phyllomys sp.;1
61;Rhipidomys mastacalis;Rhipidomys mastacalis;5
62;Akodon cursor;Akodon cursor;28
62;Oryzomys subflavus;Cerradomys subflavus;4
62;Didelphis aurita;Didelphis aurita;2
62;Gracilinanus agilis;Gracilinanus agilis;5
62;Marmosops incanus;Marmosops incanus;1
62;Bolomys lasiurus;Necromys lasiurus;1
62;Nectomys squamipes;Nectomys squamipes;2
62;Oligoryzomys nigripes;Oligoryzomys nigripes;84
62;Oxymycterus rufus;Oxymycterus rufus;10
62;Oxymycterus sp ;Oxymycterus sp.;5
62;Philander opossum;Philander frenatus;5
62;Echimys sp.;Phyllomys sp.;1
63;Didelphis aurita;Didelphis aurita;59
63;Gracilinanus microtarsus;Gracilinanus microtarsus;1
63;Marmosa murina;Marmosa murina;75
63;Micoureus travassossi;Marmosa paraguayana;39
63;Metachirus nudicaudatus;Metachirus nudicaudatus;1
63;Monodelphis americana;Monodelphis americana;1
63;Nectomys squamipes;Nectomys squamipes;1
63;Philander frenata;Philander frenatus;63
64;Akodon cursor;Akodon cursor;23
64;Calomys cerqueirai;Calomys cerqueirai;3
64;Calomys tener ;Calomys tener;1
64;Didelphis aurita;Didelphis aurita;21
64;Marmosops incanus;Marmosops incanus;9
64;Nectomys squamipes;Nectomys squamipes;22
64;Oligoryzomys nigripes;Oligoryzomys nigripes;1
64;Oxymycterus dasytrichus;Oxymycterus dasytrichus;2
64;Philander frenatus;Philander frenatus;2
65;Akodon montensis;Akodon montensis;110
65;Calomys sp.;Calomys sp.;2
65;Caluromys philander;Caluromys philander;6
65;Cerradomys subflavus;Cerradomys subflavus;28
65;Didelphis albiventris;Didelphis albiventris;11
65;Didelphis aurita;Didelphis aurita;1
65;Euryoryzomys russatus;Euryoryzomys russatus;31
65;Gracilinanus microtarsus;Gracilinanus microtarsus;52
65;Marmosops incanus;Marmosops incanus;72
65;Monodelphis americana;Monodelphis americana;3
65;Monodelphis iheringi;Monodelphis iheringi;10
65;Necromys lasiurus;Necromys lasiurus;1
65;Nectomys squamipes;Nectomys squamipes;5
65;Oligoryzomys nigripes;Oligoryzomys nigripes;1
65;Oxymycterus delator;Oxymycterus delator;1
65;Rattus rattus;Rattus rattus;2
65;Rhipidomys sp.;Rhipidomys tribei;60
66;Akodon cursor;Akodon cursor;3
66;Didelphis aurita;Didelphis aurita;4
66;Marmosops incanus;Marmosops incanus;3
66;Monodelphis domestica;Monodelphis domestica;2
66;Nectomys squamipes;Nectomys squamipes;7
66;Oligoryzomys nigripes;Oligoryzomys nigripes;1
66;Philander frenatus;Philander frenatus;18
67;Akodon montensis;Akodon montensis;60
67;Calomys cerqueirai;Calomys cerqueirai;4
67;Caluromys philander;Caluromys philander;1
67;Cerradomys subflavus;Cerradomys subflavus;4
67;Didelphis albiventris;Didelphis albiventris;1
67;Gracilinanus microtarsus;Gracilinanus microtarsus;31
67;Marmosops incanus;Marmosops incanus;8
67;Nectomys squamipes;Nectomys squamipes;1
67;Oligoryzomys nigripes;Oligoryzomys nigripes;21
67;Rhipidomys tribei;Rhipidomys tribei;15
68;Calomys cerqueirai;Calomys cerqueirai;1
68;Didelphis aurita;Didelphis aurita;7
68;Marmosops incanus;Marmosops incanus;2
69;Akodon montensis;Akodon montensis;19
69;Caluromys philander;Caluromys philander;1
69;Cerradomys subflavus;Cerradomys subflavus;84
69;Didelphis albiventris;Didelphis albiventris;146
69;Didelphis aurita;Didelphis aurita;10
69;Gracilinanus microtarsus;Gracilinanus microtarsus;13
69;Marmosops incanus;Marmosops incanus;25
69;Monodelphis kunsi;Monodelphis kunsi;1
69;Nectomys squamipes;Nectomys squamipes;16
69;Oligoryzomys nigripes;Oligoryzomys nigripes;24
69;Rhipidomys tribei;Rhipidomys tribei;48
70;Akodon montensis;Akodon montensis;55
70;Calomys sp.;Calomys sp.;7
70;Cerradomys subflavus;Cerradomys subflavus;13
70;Didelphis albiventris;Didelphis albiventris;24
70;Didelphis aurita;Didelphis aurita;7
70;Gracilinanus microtarsus;Gracilinanus microtarsus;69
70;Marmosops incanus;Marmosops incanus;1
70;Necromys lasiurus;Necromys lasiurus;5
70;Nectomys squamipes;Nectomys squamipes;2
70;Oligoryzomys nigripes;Oligoryzomys nigripes;11
70;Rhipidomys sp.;Rhipidomys tribei;55
71;Akodon cursor;Akodon cursor;12
71;Calomys tener ;Calomys tener;1
71;Didelphis aurita;Didelphis aurita;10
71;Marmosa paraguayana;Marmosa paraguayana;1
71;Marmosops incanus;Marmosops incanus;3
71;Metachirus nudicaudatus;Metachirus nudicaudatus;1
71;Nectomys squamipes;Nectomys squamipes;3
71;Oligoryzomys nigripes;Oligoryzomys nigripes;1
72;Akodon cursor;Akodon cursor;7
72;Didelphis aurita;Didelphis aurita;19
72;Marmosops incanus;Marmosops incanus;3
72;Metachirus nudicaudatus;Metachirus nudicaudatus;15
72;Oecomys catherinae;Oecomys catherinae;2
72;Oligoryzomys sp.;Oligoryzomys nigripes;1
72;Philander frenatus;Philander frenatus;3
72;Trinomys gratiosus;Trinomys gratiosus;17
73;Akodon cursor;Akodon cursor;10
73;Calomys cerqueirai;Calomys cerqueirai;1
73;Calomys tener ;Calomys tener;1
73;Didelphis aurita;Didelphis aurita;9
73;Gracilinanus microtarsus;Gracilinanus microtarsus;1
73;Marmosa paraguayana;Marmosa paraguayana;1
73;Marmosops incanus;Marmosops incanus;6
73;Nectomys squamipes;Nectomys squamipes;1
73;Trinomys setosus;Trinomys setosus;5
74;Akodon montensis;Akodon montensis;35
74;Caluromys lanatus;Caluromys lanatus;1
74;Didelphis albiventris;Didelphis albiventris;38
74;Gracilinanus microtarsus;Gracilinanus microtarsus;9
74;Oryzomys capito;Hylaeamys megacephalus;16
74;Micoureus cinereus;Marmosa paraguayana;2
74;Oecomys concolor;Oecomys catherinae;1
74;Oligoryzomys nigripes;Oligoryzomys nigripes;7
75;Akodon montensis;Akodon montensis;18
75;Bibimys labiosus;Bibimys labiosus;1
75;Blarinomys breviceps;Blarinomys breviceps;4
75;Caluromys philander;Caluromys philander;1
75;Cerradomys subflavus;Cerradomys subflavus;1
75;Didelphis albiventris;Didelphis albiventris;1
75;Euryoryzomys russatus;Euryoryzomys russatus;6
75;Gracilinanus microtarsus;Gracilinanus microtarsus;1
75;Juliomys pictipes;Juliomys pictipes;3
75;Juliomys rimofrons;Juliomys rimofrons;2
75;Marmosops incanus;Marmosops incanus;4
75;Monodelphis americana;Monodelphis americana;1
75;Nectomys squamipes;Nectomys squamipes;2
75;Oligoryzomys nigripes;Oligoryzomys nigripes;25
75;Pseudoryzomys simplex;Pseudoryzomys simplex;1
75;Rattus rattus;Rattus rattus;4
75;Rhipidomys mastacalis;Rhipidomys tribei;3
75;Thaptomys nigrita;Thaptomys nigrita;4
76;Akodon lindberghi;Akodon lindberghi;1
76;Akodon montensis;Akodon montensis;22
76;Cerradomys subflavus;Cerradomys subflavus;1
76;Didelphis albiventris;Didelphis albiventris;3
76;Euryoryzomys russatus;Euryoryzomys russatus;39
76;Gracilinanus microtarsus;Gracilinanus microtarsus;10
76;Marmosops incanus;Marmosops incanus;36
76;Monodelphis americana;Monodelphis americana;12
76;Monodelphis kunsi;Monodelphis kunsi;1
76;Necromys lasiurus;Necromys lasiurus;1
76;Nectomys squamipes;Nectomys squamipes;5
76;Oligoryzomys nigripes;Oligoryzomys nigripes;31
76;Rhipidomys mastacalis;Rhipidomys tribei;3
76;Thaptomys nigrita;Thaptomys nigrita;37
77;Akodon montensis;Akodon montensis;61
77;Delomys sublineatus;Delomys sublineatus;13
77;Didelphis aurita;Didelphis aurita;5
77;Gracilinanus agilis;Gracilinanus agilis;5
77;Marmosops paulensis;Marmosops paulensis;8
77;Monodelphis americana;Monodelphis americana;1
77;Nectomys squamipes;Nectomys squamipes;1
77;Oligoryzomys nigripes;Oligoryzomys nigripes;26
77;Philander frenatus;Philander frenatus;5
77;Thaptomys nigrita;Thaptomys nigrita;12
78;Akodon cursor;Akodon cursor;199
78;Didelphis aurita;Didelphis aurita;40
78;Gracilinanus microtarsus;Gracilinanus microtarsus;5
78;Monodelphis americana;Monodelphis americana;3
78;Mus musculus;Mus musculus;3
78;Necromys lasiurus;Necromys lasiurus;2
78;Nectomys squamipes;Nectomys squamipes;282
78;Oligoryzomys nigripes;Oligoryzomys nigripes;55
78;Philander frenatus;Philander frenatus;57
78;Rattus rattus;Rattus rattus;22
79;Akodon cursor;Akodon cursor;74
79;Akodon montensis;Akodon montensis;1
79;Didelphis aurita;Didelphis aurita;58
79;Euryzygomatomys spinosus;Euryzygomatomys spinosus;1
79;Necromys lasiurus;Necromys lasiurus;1
79;Nectomys squamipes;Nectomys squamipes;133
79;Oecomys catherinae;Oecomys catherinae;1
79;Oligoryzomys nigripes;Oligoryzomys nigripes;25
79;Oxymycterus judex;Oxymycterus quaestor;1
79;Philander frenatus;Philander frenatus;50
79;Sooretamys angouya;Sooretamys angouya;1
79;Trinomys iheringi;Trinomys iheringi;1
80;Akodon cursor;Akodon cursor;138
80;Didelphis aurita;Didelphis aurita;141
80;Euryzygomatomys spinosus;Euryzygomatomys spinosus;1
80;Monodelphis americana;Monodelphis americana;4
80;Bolomys lasiurus;Necromys lasiurus;1
80;Nectomys squamipes;Nectomys squamipes;171
80;Oecomys concolor;Oecomys catherinae;1
80;Oligoryzomys nigripes;Oligoryzomys nigripes;22
80;Philander frenata;Philander frenatus;68
80;Rattus rattus;Rattus rattus;1
80;Proechimys iheringi;Trinomys iheringi;2
81;Akodon montensis;Akodon montensis;1
81;Calomys tener ;Calomys tener;3
81;Didelphis albiventris;Didelphis albiventris;3
81;Gracilinanus microtarsus;Gracilinanus microtarsus;3
81;Monodelphis americana;Monodelphis americana;2
81;Oligoryzomys nigripes;Oligoryzomys nigripes;4
81;Rhipidomys mastacalis;Rhipidomys mastacalis;21
82;Akodon montensis;Akodon montensis;8
82;Calomys sp.;Calomys sp.;1
82;Didelphis albiventris;Didelphis albiventris;23
82;Didelphis aurita;Didelphis aurita;3
82;Holochilus brasiliensis;Holochilus brasiliensis;1
82;Micoureus cinereus;Marmosa paraguayana;1
82;Nectomys squamipes;Nectomys squamipes;8
82;Oligoryzomys nigripes;Oligoryzomys nigripes;5
82;Sciurus ingrami;Sciurus aestuans;3
83;Akodon sp.;Akodon sp.;4
83;Didelphis albiventris;Didelphis albiventris;249
83;Gracilinanus microtarsus;Gracilinanus microtarsus;13
83;Micoureus paraguayanus;Marmosa paraguayana;103
83;Metachirus nudicaudatus;Metachirus nudicaudatus;14
83;Nectomys squamipes;Nectomys squamipes;1
83;Oecomys sp.;Oecomys catherinae;5
83;Undiscribed Oryzomyini;Oryzomys sp.;2
83;Philander frenatus;Philander frenatus;1
84;Akodon cursor;Akodon cursor;51
84;Didelphis albiventris;Didelphis albiventris;172
84;Hylaeamys megacephalus;Hylaeamys megacephalus;2
84;Micoureus paraguayanus;Marmosa paraguayana;8
84;Metachirus nudicaudatus;Metachirus nudicaudatus;8
84;Necromys lasiurus;Necromys lasiurus;2
84;Unidentified rodent;Unidentified rodent;2
85;Akodon cursor;Akodon cursor;13
85;Akodon serrensis;Castoria angustidens;21
85;Delomys dorsalis;Delomys dorsalis;15
85;Marmosops incanus;Marmosops incanus;8
85;Monodelphis americana;Monodelphis americana;1
85;Nectomys squamipes;Nectomys squamipes;3
85;Oligoryzomys flavescens;Oligoryzomys flavescens;10
85;Oxymycterus dasytrichus;Oxymycterus dasytrichus;8
85;Philander frenatus;Philander frenatus;8
85;Sooretamys angouya;Sooretamys angouya;1
85;Trinomys gratiosus;Trinomys gratiosus;9
86;Akodon montensis;Akodon montensis;222
86;Brucepattersonius sp.;Brucepattersonius sp.;18
86;Caluromys philander;Caluromys philander;13
86;Delomys dorsalis;Delomys dorsalis;447
86;Didelphis aurita;Didelphis aurita;22
86;Euryoryzomys russatus;Euryoryzomys russatus;1
86;Gracilinanus microtarsus;Gracilinanus microtarsus;31
86;Juliomys ossitenuis;Juliomys ossitenuis;15
86;Juliomys pictipes;Juliomys pictipes;1
86;Juliomys pictipes/ossitenuis;Juliomys pictipes/ossitenuis;112
86;Marmosops incanus;Marmosops incanus;92
86;Monodelphis americana;Monodelphis americana;1
86;Monodelphis americana/scalops;Monodelphis americana/scalops;14
86;Monodelphis scalops;Monodelphis scalops;1
86;Nectomys squamipes;Nectomys squamipes;1
86;Oligoryzomys nigripes;Oligoryzomys nigripes;16
86;Philander frenatus;Philander frenatus;27
86;Rattus rattus;Rattus rattus;1
86;Rhipidomys itoan;Rhipidomys itoan;26
86;Guerlinguetus ingrami;Sciurus aestuans;7
86;Sooretamys angouya;Sooretamys angouya;5
86;Thaptomys nigrita;Thaptomys nigrita;50
86;Trinomys dimidiatus;Trinomys dimidiatus;7
86;Trinomys dimidiatus/gratiosus;Trinomys dimidiatus/gratiosus;181
86;Trinomys gratiosus bonafidei;Trinomys gratiosus;1
86;Unidentified rodent;Unidentified rodent;14
87;Akodon cursor;Akodon cursor;16
87;Didelphis aurita;Didelphis aurita;4
87;Micoureus demerarae;Marmosa paraguayana;1
87;Marmosops incanus;Marmosops incanus;3
87;Nectomys squamipes;Nectomys squamipes;5
87;Oligoryzomys nigripes;Oligoryzomys nigripes;1
87;Philander frenatus;Philander frenatus;1
88;Akodon cursor;Akodon cursor;15
88;Caluromys philander;Caluromys philander;5
88;Didelphis aurita;Didelphis aurita;420
88;Oryzomys russatus;Euryoryzomys russatus;43
88;Gracilinanus microtarsus;Gracilinanus microtarsus;22
88;Juliomys pictipes;Juliomys pictipes;5
88;Micoureus paraguayanus;Marmosa paraguayana;44
88;Marmosops incanus;Marmosops incanus;259
88;Metachirus nudicaudatus;Metachirus nudicaudatus;128
88;Monodelphis americana;Monodelphis americana;2
88;Oligoryzomys nigripes;Oligoryzomys nigripes;1
88;Philander frenatus;Philander frenatus;115
88;Rhipidomys sp. nov.;Rhipidomys itoan;45
88;Sciurius aestuans;Sciurus aestuans;2
88;Trinomys dimidiatus;Trinomys dimidiatus;66
89;Akodon cursor;Akodon cursor;42
89;Didelphis aurita;Didelphis aurita;6
89;Marmosa paraguayana;Marmosa paraguayana;21
89;Metachirus nudicaudatus;Metachirus nudicaudatus;4
89;Necromys lasiurus;Necromys lasiurus;2
89;Nectomys squamipes;Nectomys squamipes;5
89;Oligoryzomys nigripes;Oligoryzomys nigripes;5
90;Didelphis aurita;Didelphis aurita;8
90;Metachirus nudicaudatus;Metachirus nudicaudatus;3
90;Oryzomys nigripes;Oligoryzomys nigripes;1
90;Philander frenatus;Philander frenatus;3
90;Rhipidomys sp.;Rhipidomys sp.;1
91;Abrawayaomys ruschii;Abrawayaomys ruschii;2
91;Akodon montensis;Akodon montensis;73
91;Bibimys labiosus;Bibimys labiosus;2
91;Blarinomys breviceps;Blarinomys breviceps;4
91;Castoria angustidens;Castoria angustidens;1
91;Delomys dorsalis;Delomys dorsalis;9
91;Didelphis aurita;Didelphis aurita;15
91;Euryoryzomys russatus ;Euryoryzomys russatus;1
91;Juliomys sp.;Juliomys sp.;1
91;Marmosops incanus;Marmosops incanus;3
91;Marmosops paulensis;Marmosops paulensis;1
91;Monodelphis americana;Monodelphis americana;1
91;Monodelphis iheringi;Monodelphis iheringi;3
91;Monodelphis scalops;Monodelphis scalops;4
91;Oligoryzomys flavescens;Oligoryzomys flavescens;3
91;Oligoryzomys nigripes;Oligoryzomys nigripes;44
91;Oxymycterus sp.;Oxymycterus sp.;4
91;Philander frenatus ;Philander frenatus;8
91;Rattus rattus ;Rattus rattus;1
91;Thaptomys nigrita ;Thaptomys nigrita;4
91;Trinomys dimidiatus;Trinomys dimidiatus;17
92;Akodon cursor;Akodon cursor;10
92;Didelphis aurita;Didelphis aurita;9
92;Micoureus demerarae;Marmosa paraguayana;7
92;Marmosops incanus;Marmosops incanus;3
92;Metachirus nudicaudatus;Metachirus nudicaudatus;2
92;Oecomys concolor;Oecomys catherinae;1
92;Oligoryzomys nigripes;Oligoryzomys nigripes;2
92;Trinomys eliasi;Trinomys eliasi;3
93;Akodon cursor;Akodon cursor;5
93;Caluromys philander;Caluromys philander;4
93;Didelphis marsupialis;Didelphis aurita;10
93;Holochilus brasiliensis;Holochilus brasiliensis;7
93;Oryzomys capito;Hylaeamys megacephalus;6
93;Marmosa cinerea;Marmosa paraguayana;6
93;Marmosa incana;Marmosops incanus;3
93;Nectomys squamipes;Nectomys squamipes;67
93;Oecomys trinitatis;Oecomys catherinae;26
93;Oryzomys nigripes;Oligoryzomys nigripes;2
93;Philander opossum;Philander frenatus;4
93;Proechimys setosus;Trinomys eliasi;5
94;Akodon cursor;Akodon cursor;258
94;Caluromys philander;Caluromys philander;3
94;Didelphis aurita;Didelphis aurita;19
94;Gracilinanus microtarsus;Gracilinanus microtarsus;1
94;Micoureus demerarae;Marmosa paraguayana;84
94;Metachirus nudicaudatus;Metachirus nudicaudatus;10
94;Monodelphis americana;Monodelphis americana;1
94;Nectomys squamipes;Nectomys squamipes;50
94;Oecomys concolor;Oecomys catherinae;6
94;Oligoryzomys nigripes;Oligoryzomys nigripes;18
94;Oryzomys sp.;Oryzomys sp.;3
94;Philander frenatus;Philander frenatus;41
94;Rattus rattus;Rattus rattus;1
95;Akodon cursor;Akodon cursor;19
95;Didelphis aurita;Didelphis aurita;54
95;Euryoryzomys sp.;Euryoryzomys russatus;19
95;Micoureus paraguayanus;Marmosa paraguayana;1
95;Marmosops incanus;Marmosops incanus;6
95;Metachirus nudicaudatus;Metachirus nudicaudatus;2
95;Monodelphis sp.;Monodelphis sp.;1
95;Nectomys squamipes;Nectomys squamipes;8
95;Oecomys catherinae;Oecomys catherinae;3
95;Oligoryzomys nigripes;Oligoryzomys nigripes;1
95;Oxymycterus dasytrichus;Oxymycterus dasytrichus;1
95;Phyllomys sp.;Phyllomys pattoni;2
95;Rhipidomys sp. nov.;Rhipidomys itoan;1
95;Trinomys dimidiatus;Trinomys dimidiatus;1
96;Akodon cursor;Akodon cursor;156
96;Caluromys philander;Caluromys philander;2
96;Didelphis aurita;Didelphis aurita;168
96;Euryoryzomys sp.;Euryoryzomys russatus;7
96;Gracilinanus microtarsus;Gracilinanus microtarsus;1
96;Micoureus paraguayanus;Marmosa paraguayana;51
96;Marmosops incanus;Marmosops incanus;26
96;Metachirus nudicaudatus;Metachirus nudicaudatus;34
96;Monodelphis sp.;Monodelphis sp.;1
96;Nectomys squamipes;Nectomys squamipes;6
96;Oecomys catherinae;Oecomys catherinae;4
96;Oligoryzomys nigripes;Oligoryzomys nigripes;4
96;Oxymycterus dasytrichus;Oxymycterus dasytrichus;4
96;Philander frenatus;Philander frenatus;155
96;Phyllomys sp.;Phyllomys sp. nov.;3
96;Rhipidomys sp. nov.;Rhipidomys itoan;1
97;Akodon montensis;Akodon montensis;30
97;Calomys tener ;Calomys tener;2
97;Didelphis albiventris;Didelphis albiventris;6
97;Didelphis aurita;Didelphis aurita;18
97;Gracilinanus microtarsus;Gracilinanus microtarsus;1
97;Lutreolina crassicaudata;Lutreolina crassicaudata;15
97;Monodelphis sorex;Monodelphis sorex;1
97;Nectomys squamipes;Nectomys squamipes;21
97;Oligoryzomys flavescens;Oligoryzomys flavescens;4
97;Oligoryzomys nigripes;Oligoryzomys nigripes;15
97;Rattus rattus;Rattus rattus;3
98;Akodon montensis;Akodon montensis;146
98;Akodon serrensis;Castoria angustidens;96
98;Delomys dorsalis;Delomys dorsalis;18
98;Delomys sublineatus;Delomys sublineatus;43
98;Gracilinanus agilis;Gracilinanus agilis;1
98;Juliomys ossitenuis;Juliomys ossitenuis;1
98;Monodelphis scalops;Monodelphis scalops;1
98;Oligoryzomys nigripes;Oligoryzomys nigripes;4
98;Philander frenatus;Philander frenatus;3
98;Sooretamys angouya;Sooretamys angouya;1
98;Thylamys velutinus;Thylamys velutinus;4
99;Didelphis albiventris;Didelphis albiventris;36
99;Gracilinanus agilis;Gracilinanus agilis;52
99;Oecomys bicolor;Oecomys bicolor;236
100;Akodon cursor;Akodon cursor;23
100;Didelphis aurita;Didelphis aurita;6
100;Metachirus nudicaudatus;Metachirus nudicaudatus;1
100;Philander opossum;Philander frenatus;31
100;Proechimys iheringi;Trinomys eliasi;17
101;Akodon cursor;Akodon cursor;6
101;Didelphis aurita;Didelphis aurita;56
101;Marmosa paraguayana;Marmosa paraguayana;18
101;Marmosops incanus;Marmosops incanus;17
101;Metachirus nudicaudatus;Metachirus nudicaudatus;1
101;Monodelphis americana;Monodelphis americana;3
101;Oligoryzomys nigripes;Oligoryzomys nigripes;4
101;Philander frenatus;Philander frenatus;1
101;Rattus norvegicus;Rattus norvegicus;8
101;Rattus rattus;Rattus rattus;1
102;Akodon cursor;Akodon cursor;8
102;Cerradomys subflavus;Cerradomys subflavus;1
102;Didelphis aurita;Didelphis aurita;14
102;Euryoryzomys russatus;Euryoryzomys russatus;29
102;Gracilinanus microtarsus;Gracilinanus microtarsus;9
102;Hylaeamys laticeps;Hylaeamys seuanezi;4
102;Micoureus demerarae;Marmosa paraguayana;1
102;Marmosops incanus;Marmosops incanus;8
102;Metachirus nudicaudatus;Metachirus nudicaudatus;4
102;Monodelphis americana;Monodelphis americana;8
102;Nectomys squamipes;Nectomys squamipes;13
102;Oecomys concolor;Oecomys catherinae;1
102;Oligoryzomys nigripes;Oligoryzomys nigripes;14
102;Oryzomys sp.;Oryzomys sp.;11
102;Philander frenatus;Philander frenatus;2
102;Trinomys dimidiatus;Trinomys dimidiatus;6
103;Cavia aperea;Cavia aperea;1
103;Oryzomys russatus;Euryoryzomys russatus;33
103;Marmosops incanus;Marmosops incanus;2
103;Nectomys squamipes;Nectomys squamipes;48
103;Oxymycterus dasytrichus;Oxymycterus dasytrichus;12
103;Rhipidomys sp. Nov.;Rhipidomys itoan;7
103;Sciurus aestuans;Sciurus aestuans;3
103;Trinomys dimidiatus;Trinomys dimidiatus;51
104;Didelphis aurita;Didelphis aurita;6
104;Oryzomys russatus;Euryoryzomys russatus;3
104;Marmosops incanus;Marmosops incanus;4
104;Nectomys squamipes;Nectomys squamipes;2
104;Oxymycterus sp.;Oxymycterus sp.;4
104;Sciurus aestuans;Sciurus aestuans;13
104;Proechimys iheringi;Trinomys iheringi;35
105;Akodon cursor;Akodon cursor;1
105;Blarinomys breviceps;Blarinomys breviceps;1
105;Akodon serrensis;Castoria angustidens;3
105;Delomys dorsalis;Delomys dorsalis;2
105;Delomys sp.;Delomys sp.;18
105;Didelphis aurita;Didelphis aurita;11
105;Euryoryzomys russatus;Euryoryzomys russatus;7
105;Gracilinanus microtarsus;Gracilinanus microtarsus;1
105;Juliomys rimofrons;Juliomys pictipes;1
105;Marmosops sp.;Marmosops sp.;5
105;Metachirus nudicaudatus;Metachirus nudicaudatus;2
105;Monodelphis americana;Monodelphis americana;1
105;Oecomys catherinae;Oecomys catherinae;1
105;Oligoryzomys flavescens;Oligoryzomys flavescens;3
105;Philander frenatus;Philander frenatus;3
105;Rhipidomys itoan;Rhipidomys itoan;4
105;Thaptomys nigrita;Thaptomys nigrita;1
105;Trinomys sp.;Trinomys sp.;2
106;Akodon montensis;Akodon montensis;66
106;Calomys tener ;Calomys tener;42
106;Cryptonanus agricolai;Cryptonanus agricolai;1
106;Didelphis albiventris;Didelphis albiventris;4
106;Didelphis aurita;Didelphis aurita;6
106;Gracilinanus microtarsus;Gracilinanus microtarsus;3
106;Juliomys pictipes;Juliomys pictipes;2
106;Necromys lasiurus;Necromys lasiurus;23
106;Oligoryzomys flavescens;Oligoryzomys flavescens;222
106;Oligoryzomys nigripes;Oligoryzomys nigripes;122
106;Oxymycterus sp ;Oxymycterus sp.;2
106;Rattus rattus;Rattus rattus;2
107;Didelphis aurita;Didelphis aurita;1
107;Euryoryzomys russatus;Euryoryzomys russatus;25
107;Micoureus paraguayanus;Marmosa paraguayana;2
107;Metachirus nudicaudatus;Metachirus nudicaudatus;4
107;Monodelphis americana;Monodelphis americana;1
107;Nectomys squamipes;Nectomys squamipes;1
107;Oecomys catherinae;Oecomys catherinae;7
107;Oxymycterus dasytrichus;Oxymycterus dasytrichus;3
107;Philander frenatus;Philander frenatus;1
107;Phyllomys pattoni;Phyllomys pattoni;1
107;Rhagomys rufescens;Rhagomys rufescens;1
107;Rhipidomys sp.;Rhipidomys sp.;3
107;Trinomys iheringi;Trinomys iheringi;3
108;Akodon montensis;Akodon montensis;90
108;Blarinomys breviceps;Blarinomys breviceps;6
108;Brucepattersonius soricinus;Brucepattersonius soricinus;17
108;Calomys tener ;Calomys tener;1
108;Didelphis aurita;Didelphis aurita;9
108;Euryoryzomys russatus;Euryoryzomys russatus;170
108;Juliomys pictipes;Juliomys pictipes;12
108;Marmosops incanus;Marmosops incanus;31
108;Monodelphis scalops;Monodelphis scalops;38
108;Monodelphis sp.;Monodelphis sp.;5
108;Nectomys squamipes;Nectomys squamipes;1
108;Oecomys catherinae;Oecomys catherinae;2
108;Oligoryzomys nigripes;Oligoryzomys nigripes;63
108;Philander frenatus;Philander frenatus;9
108;Rhipidomys mastacalis;Rhipidomys mastacalis;1
108;Sooretamys angouya;Sooretamys angouya;4
108;Thaptomys nigrita;Thaptomys nigrita;151
108;Trinomys iheringi;Trinomys iheringi;10
109;Akodon cursor;Akodon cursor;30
109;Cavia aperea;Cavia aperea;1
109;Didelphis marsupialis;Didelphis aurita;61
109;Euryzygomatomys spinosus;Euryzygomatomys spinosus;2
109;Marmosops incanus;Marmosops incanus;1
109;Bolomys lasiurus;Necromys lasiurus;13
109;Oligoryzomys nigripes;Oligoryzomys nigripes;13
109;Oxymycterus hispidus;Oxymycterus hispidus;6
109;Oxymycterus nasutus;Oxymycterus nasutus;5
109;Rattus norvegicus;Rattus norvegicus;1
109;Oryzomys angouya;Sooretamys angouya;1
110;Akodon montensis;Akodon montensis;50
110;Calomys tener ;Calomys tener;8
110;Didelphis albiventris;Didelphis albiventris;3
110;Didelphis aurita;Didelphis aurita;8
110;Euryoryzomys russatus;Euryoryzomys russatus;1
110;Gracilinanus microtarsus;Gracilinanus microtarsus;5
110;Micoureus paraguayanus;Marmosa paraguayana;2
110;Necromys lasiurus;Necromys lasiurus;36
110;Oligoryzomys flavescens;Oligoryzomys flavescens;4
110;Oligoryzomys nigripes;Oligoryzomys nigripes;30
110;Oxymycterus delator;Oxymycterus delator;11
110;Rattus rattus;Rattus rattus;1
111;Akodon montensis;Akodon montensis;20
111;Blarinomys breviceps;Blarinomys breviceps;2
111;Brucepattersonius soricinus;Brucepattersonius soricinus;30
111;Delomys sublineatus;Delomys sublineatus;170
111;Didelphis aurita;Didelphis aurita;9
111;Euryoryzomys russatus;Euryoryzomys russatus;79
111;Gracilinanus microtarsus;Gracilinanus microtarsus;4
111;Juliomys pictipes;Juliomys pictipes;11
111;Marmosops incanus;Marmosops incanus;25
111;Marmosops paulensis;Marmosops paulensis;1
111;Monodelphis sp.;Monodelphis pinocchio;7
111;Monodelphis scalops;Monodelphis scalops;11
111;Oligoryzomys nigripes;Oligoryzomys nigripes;34
111;Oxymycterus dasytrichus;Oxymycterus dasytrichus;1
111;Philander frenatus;Philander frenatus;6
111;Rhipidomys mastacalis;Rhipidomys mastacalis;9
111;Sooretamys angouya;Sooretamys angouya;6
111;Thaptomys nigrita;Thaptomys nigrita;50
112;Akodon montensis;Akodon montensis;261
112;Bibimys labiosus;Bibimys labiosus;3
112;Blarinomys breviceps;Blarinomys breviceps;2
112;Brucepattersonius soricinus;Brucepattersonius soricinus;69
112;Delomys sublineatus;Delomys sublineatus;171
112;Didelphis aurita;Didelphis aurita;16
112;Drymoreomys albimaculatus;Drymoreomys albimaculatus;2
112;Euryoryzomys russatus;Euryoryzomys russatus;120
112;Gracilinanus microtarsus;Gracilinanus microtarsus;21
112;Juliomys ossitenuis;Juliomys ossitenuis;3
112;Juliomys pictipes;Juliomys pictipes;10
112;Micoureus paraguayanus;Marmosa paraguayana;4
112;Marmosops incanus;Marmosops incanus;67
112;Marmosops paulensis;Marmosops paulensis;5
112;Monodelphis americana/scalops;Monodelphis americana/scalops;29
112;Monodelphis iheringi;Monodelphis iheringi;27
112;Monodelphis macae;Monodelphis pinocchio;10
112;Nectomys squamipes;Nectomys squamipes;1
112;Oligoryzomys nigripes;Oligoryzomys nigripes;307
112;Oxymycterus judex;Oxymycterus quaestor;1
112;Phyllomys nigrispinus;Phyllomys nigrispinus;1
112;Sooretamys angouya;Sooretamys angouya;15
112;Thaptomys nigrita;Thaptomys nigrita;128
113;Akodon montensis;Akodon montensis;59
113;Blarinomys breviceps;Blarinomys breviceps;1
113;Brucepattersonius soricinus;Brucepattersonius soricinus;6
113;Delomys sublineatus;Delomys sublineatus;77
113;Didelphis aurita;Didelphis aurita;32
113;Drymoreomys albimaculatus;Drymoreomys albimaculatus;1
113;Oryzomys russatus;Euryoryzomys russatus;152
113;Gracilinanus microtarsus;Gracilinanus microtarsus;16
113;Juliomys pictipes;Juliomys pictipes;15
113;Marmosops incanus;Marmosops incanus;94
113;Marmosops paulensis;marmosops paulensis;1
113;Monodelphis americana;Monodelphis americana;3
113;Monodelphis sp.;Monodelphis pinocchio;5
113;Monodelphis scalops;Monodelphis scalops;9
113;Nectomys squamipes;Nectomys squamipes;1
113;Oligoryzomys nigripes;Oligoryzomys nigripes;40
113;Oxymycterus dasytrichus;Oxymycterus dasytrichus;1
113;Philander frenatus;Philander frenatus;15
113;Phyllomys nigrispinus;Phyllomys nigrispinus;5
113;Rhagomys rufescens;Rhagomys rufescens;2
113;Rhipidomys mastacalis;Rhipidomys mastacalis;5
113;Oryzomys angouya;Sooretamys angouya;16
113;Thaptomys nigrita;Thaptomys nigrita;36
114;Akodon montensis;Akodon montensis;367
114;Bibimys labiosus;Bibimys labiosus;2
114;Blarinomys breviceps;Blarinomys breviceps;1
114;Brucepattersonius soricinus;Brucepattersonius soricinus;63
114;Calomys tener ;Calomys tener;9
114;Cavia aperea;Cavia aperea;2
114;Delomys sublineatus;Delomys sublineatus;210
114;Didelphis aurita;Didelphis aurita;144
114;Oryzomys russatus;Euryoryzomys russatus;176
114;Gracilinanus microtarsus;Gracilinanus microtarsus;95
114;Juliomys pictipes;Juliomys pictipes;19
114;Lutreolina crassicaudata;Lutreolina crassicaudata;2
114;Micoureus paraguayanus;Marmosa paraguayana;5
114;Marmosops incanus;Marmosops incanus;360
114;marmosops paulensis;marmosops paulensis;1
114;Monodelphis americana;Monodelphis americana;72
114;Monodelphis macae;Monodelphis pinocchio;2
114;Monodelphis scalops;Monodelphis scalops;11
114;Monodelphis sorex;Monodelphis sorex;2
114;Bolomys lasiurus;Necromys lasiurus;2
114;Nectomys squamipes;Nectomys squamipes;2
114;Oligoryzomys nigripes;Oligoryzomys nigripes;339
114;Oxymycterus dasytrichus;Oxymycterus dasytrichus;11
114;Philander frenatus;Philander frenatus;15
114;Phyllomys nigrispinus;Phyllomys nigrispinus;11
114;Rhagomys rufescens;Rhagomys rufescens;3
114;Rhipidomys mastacalis;Rhipidomys mastacalis;3
114;Oryzomys angouya;Sooretamys angouya;125
114;Thaptomys nigrita;Thaptomys nigrita;32
115;Akodon montensis;Akodon montensis;118
115;Bibimys labiosus;Bibimys labiosus;1
115;Brucepattersonius soricinus;Brucepattersonius soricinus;81
115;Calomys tener ;Calomys tener;63
115;Cryptonanus sp.;Cryptonanus sp.;4
115;Delomys sublineatus;Delomys sublineatus;3
115;Didelphis aurita;Didelphis aurita;17
115;Juliomys pictipes;Juliomys pictipes;1
115;Marmosops incanus;Marmosops incanus;37
115;Monodelphis americana;Monodelphis americana;5
115;Necromys lasiurus;Necromys lasiurus;73
115;Nectomys squamipes;Nectomys squamipes;2
115;Oligoryzomys flavescens;Oligoryzomys flavescens;38
115;Oligoryzomys nigripes;Oligoryzomys nigripes;177
115;Oxymycterus delator;Oxymycterus delator;2
115;Oxymycterus rufus;Oxymycterus rufus;5
115;Sooretamys angouya;Sooretamys angouya;9
115;Thaptomys nigrita;Thaptomys nigrita;1
116;Akodon montensis;Akodon montensis;14
116;Didelphis aurita;Didelphis aurita;11
116;Oryzomys russatus;Euryoryzomys russatus;28
116;Gracilinanus microtarsus;Gracilinanus microtarsus;3
116;Micoureus demerarae;Marmosa paraguayana;1
116;Marmosops incanus;Marmosops incanus;35
116;Metachirus nudicaudatus;Metachirus nudicaudatus;1
116;Monodelphis americana;Monodelphis americana;8
116;Oligoryzomys nigripes;Oligoryzomys nigripes;24
116;Philander frenatus;Philander frenatus;34
116;Thaptomys nigrita;Thaptomys nigrita;17
117;Akodon montensis;Akodon montensis;14
117;Calomys callosus;Calomys callosus;3
117;Cryptonanus chacoensis;Cryptonanus chacoensis;2
117;Gracilinanus agilis;Gracilinanus agilis;1
117;Hylaeamys megacephalus;Hylaeamys megacephalus;7
117;Necromys lasiurus;Necromys lasiurus;1
117;Oligoryzomys fornesi;Oligoryzomys fornesi;1
117;Oligoryzomys nigripes;Oligoryzomys nigripes;13
117;Rhipidomys macrurus;Rhipidomys macrurus;2
118;Akodon sp.;Akodon sp.;7
118;Brucepattersonius sp.;Brucepattersonius soricinus;3
118;Delomys sublineatus;Delomys sublineatus;7
118;Didelphis albiventris ;Didelphis albiventris;2
118;Didelphis aurita;Didelphis aurita;1
118;Drymoreomys albimaculatus;Drymoreomys albimaculatus;2
118;Euryoryzomys russatus;Euryoryzomys russatus;2
118;Euryzygomatomys spinosus;Euryzygomatomys spinosus;1
118;Gracilinanus microtarsus;Gracilinanus microtarsus;2
118;Kannabateomys amblyonyx;Kannabateomys amblyonyx;1
118;Marmosops incanus;Marmosops incanus;15
118;Marmosops paulensis;Marmosops paulensis;9
118;Metachirus nudicaudatus;Metachirus nudicaudatus;1
118;Monodelphis americana;Monodelphis americana;10
118;Monodelphis scalops;Monodelphis scalops;3
118;Oligoryzomys nigripes ;Oligoryzomys nigripes;12
118;Philander frenatus;Philander frenatus;7
118;Phyllomys nigrispinus;Phyllomys nigrispinus;1
118;Sooretamys angouya;Sooretamys angouya;3
118;Thaptomys nigrita;Thaptomys nigrita;10
119;Akodon cursor;Akodon cursor;80
119;Brucepattersonius iheringi;Brucepattersonius soricinus;8
119;Gracilinanus microtarsus;Gracilinanus microtarsus;9
119;Marmosops incanus;Marmosops incanus;7
119;Marmosops paulensis;Marmosops paulensis;10
119;Oligoryzomys nigripes;Oligoryzomys nigripes;3
119;Oxymycterus sp ;Oxymycterus sp.;14
119;Philander frenata;Philander frenatus;4
119;Sooretamys angouya;Sooretamys angouya;10
119;Thaptomys nigrita;Thaptomys nigrita;1
120;Akodon serrensis;Castoria angustidens;22
120;Didelphis aurita;Didelphis aurita;14
120;Oryzomys intermedius;Euryoryzomys russatus;127
120;Wilfredomys pictipes;Juliomys pictipes;7
120;Micoureus demerarae;Marmosa paraguayana;9
120;Metachirus nudicaudatus;Metachirus nudicaudatus;30
120;Nectomys squamipes;Nectomys squamipes;42
120;Oecomys sp.;Oecomys catherinae;13
120;Oligoryzomys nigripes;Oligoryzomys nigripes;7
120;Philander frenata;Philander frenatus;2
120;Trinomys iheringi;Trinomys iheringi;20
121;Akodon montensis;Akodon montensis;9
121;Oxymycterus iheringi;Brucepattersonius iheringi;7
121;Akodon serrensis;Castoria angustidens;8
121;Delomys dorsalis;Delomys dorsalis;8
121;Oryzomys intermedius;Euryoryzomys russatus;34
121;Gracilinanus microtarsus;Gracilinanus microtarsus;12
121;Wilfredomys pictipes;Juliomys pictipes;7
121;Marmosops paulensis;Marmosops paulensis;9
121;Monodelphis americana;Monodelphis americana;1
121;Oecomys concolor;Oecomys catherinae;6
121;Oligoryzomys nigripes;Oligoryzomys nigripes;3
121;Oxymycterus hispidus;Oxymycterus hispidus;2
121;Philander frenata;Philander frenatus;5
121;Nelomys nigrispinus;Phyllomys nigrispinus;1
121;Rhipidomys macrourus;Rhipidomys itoan;1
121;Thaptomys nigrita;Thaptomys nigrita;13
122;Didelphis marsupialis;Didelphis aurita;23
122;Oryzomys nitidus;Euryoryzomys nitidus;71
122;Metachirus nudicaudatus;Metachirus nudicaudatus;30
122;Nectomys squamipes;Nectomys squamipes;10
122;Oxymycterus sp ;Oxymycterus sp.;1
122;Philander opossum;Philander frenatus;5
122;Proechimys iheringi;Trinomys iheringi;39
123;Akodon montensis;Akodon montensis;286
123;Bibimys labiosus;Bibimys labiosus;2
123;Brucepattersonius iheringi;Brucepattersonius iheringi;47
123;Cryptonanus sp.;Cryptonanus sp.;5
123;Didelphis albiventris;Didelphis albiventris;2
123;Didelphis aurita;Didelphis aurita;36
123;Gracilinanus microtarsus;Gracilinanus microtarsus;3
123;Juliomys ossitenuis;Juliomys ossitenuis;3
123;Monodelphis americana;Monodelphis americana;3
123;Monodelphis scalops;Monodelphis scalops;1
123;Nectomys squamipes;Nectomys squamipes;24
123;Oligoryzomys nigripes;Oligoryzomys nigripes;195
123;Oxymycterus nasutus;Oxymycterus nasutus;1
123;Oxymycterus judex;Oxymycterus quaestor;3
123;Sooretamys angouya;Sooretamys angouya;39
123;Thaptomys nigrita;Thaptomys nigrita;149
124;Akodon montensis;Akodon montensis;13
124;Akodon paranaensis;Akodon paranaensis;1
124;Calomys callosus;Calomys callosus;3
124;Calomys tener ;Calomys tener;1
124;Didelphis aurita;Didelphis aurita;2
124;Gracilinanus agilis;Gracilinanus agilis;3
124;Hylaeamys megacephalus;Hylaeamys megacephalus;5
124;Juliomys pictipes;Juliomys pictipes;1
124;Marmosa paraguayana;Marmosa paraguayana;2
124;Oligoryzomys fornesi;Oligoryzomys fornesi;2
124;Oligoryzomys nigripes;Oligoryzomys nigripes;3
124;Sooretamys angouya;Sooretamys angouya;1
125;Akodon montensis;Akodon montensis;132
125;Akodon paranaensis;Akodon paranaensis;16
125;Calomys callosus;Calomys callosus;4
125;Cryptonanus chacoensis;Cryptonanus chacoensis;8
125;Didelphis aurita;Didelphis aurita;4
125;Gracilinanus agilis;Gracilinanus agilis;6
125;Hylaeamys megacephalus;Hylaeamys megacephalus;35
125;Juliomys pictipes;Juliomys pictipes;3
125;Marmosa paraguayana;Marmosa paraguayana;1
125;Oligoryzomys flavescens;Oligoryzomys flavescens;1
125;Oligoryzomys fornesi;Oligoryzomys fornesi;2
125;Oligoryzomys nigripes;Oligoryzomys nigripes;20
125;Rattus rattus;Rattus rattus;1
125;Thaptomys nigrita;Thaptomys nigrita;2
126;Akodon cursor;Akodon cursor;26
126;Oryzomys intermedius;Euryoryzomys russatus;102
126;Micoureus demerarae;Marmosa paraguayana;1
126;Metachirus nudicaudatus;Metachirus nudicaudatus;7
126;Nectomys squamipes;Nectomys squamipes;80
126;Trinomys iheringi;Trinomys iheringi;7
127;Akodon montensis;Akodon montensis;378
127;Brucepattersonius sp.;Brucepattersonius sp.;1
127;Euryoryzomys russatus;Euryoryzomys russatus;40
127;Monodelphis scalops;Monodelphis scalops;9
127;Monodelphis sp.1;Monodelphis sp.1;2
127;Monodelphis sp.2;Monodelphis sp.2;2
127;Oligoryzomys nigripes;Oligoryzomys nigripes;16
127;Oxymycterus sp ;Oxymycterus sp.;1
127;Sooretamys angouya;Sooretamys angouya;9
127;Thaptomys nigrita;Thaptomys nigrita;15
128;Akodon montensis;Akodon montensis;8
128;Didelphis aurita;Didelphis aurita;3
128;Euryoryzomys russatus;Euryoryzomys russatus;65
128;Gracilinanus microtarsus;Gracilinanus microtarsus;1
128;Juliomys pictipes;Juliomys pictipes;14
128;Marmosa paraguayana;Marmosa paraguayana;14
128;Monodelphis iheringi;Monodelphis iheringi;1
128;Nectomys squamipes;Nectomys squamipes;3
128;Oligoryzomys nigripes;Oligoryzomys nigripes;9
128;Oxymycterus sp ;Oxymycterus sp.;3
128;Philander frenatus;Philander frenatus;8
128;Rattus rattus;Rattus rattus;1
128;Sooretamys angouya;Sooretamys angouya;17
128;Trinomys iheringi;Trinomys iheringi;1
129;Akodon cursor;Akodon cursor;70
129;Akodon montensis;Akodon montensis;2
129;Delomys sublineatus;Delomys sublineatus;3
129;Didelphis aurita;Didelphis aurita;45
129;Euryoryzomys russatus;Euryoryzomys russatus;74
129;Juliomys pictipes;Juliomys pictipes;4
129;Micoureus paraguayanus;Marmosa paraguayana;1
129;Metachirus nudicaudatus;Metachirus nudicaudatus;1
129;Monodelphis americana;Monodelphis americana;3
129;Monodelphis iheringi;Monodelphis iheringi;3
129;Monodelphis scalops;Monodelphis scalops;2
129;Nectomys squamipes;Nectomys squamipes;12
129;Oligoryzomys nigripes;Oligoryzomys nigripes;8
129;Oxymycterus dasytrichus;Oxymycterus dasytrichus;1
129;Oxymycterus judex;Oxymycterus quaestor;8
129;Philander frenatus;Philander frenatus;10
129;Thaptomys nigrita;Thaptomys nigrita;1
130;Akodon montensis;Akodon montensis;4
130;Akodon sp.;Akodon sp.;4
130;Akodon serrensis;Castoria angustidens;14
130;Nectomys squamipes;Nectomys squamipes;1
130;Oryzomys flavescens;Oligoryzomys flavescens;1
130;Oryzomys nigripes;Oligoryzomys nigripes;9
130;Oxymycterus sp.;Oxymycterus sp.;16
130;Sciurus aestuans;Sciurus aestuans;1
131;Akodon montensis;Akodon montensis;6
131;Didelphis aurita;Didelphis aurita;1
131;Nectomys squamipes;Nectomys squamipes;2
131;Oligoryzomys eliurus;Oligoryzomys nigripes;20
131;Oxymycterus hispidus;Oxymycterus hispidus;1
131;Philander opossum;Philander frenatus;2
131;Rhipidomys sp.;Rhipidomys sp.;1
131;Oryzomys ratticeps;Sooretamys angouya;1
132;Akodon montensis;Akodon montensis;26
132;Didelphis aurita;Didelphis aurita;1
132;Euryoryzomys russatus;Euryoryzomys russatus;11
132;Marmosa paraguayana;Marmosa paraguayana;4
132;Nectomys squamipes;Nectomys squamipes;4
132;Oligoryzomys nigripes;Oligoryzomys nigripes;6
133;Akodon montensis;Akodon montensis;253
133;Akodon paranaensis;Akodon paranaensis;87
133;Brucepattersonius iheringi;Brucepattersonius iheringi;2
133;Akodon serrensis;Castoria angustidens;401
133;Delomys dorsalis;Delomys dorsalis;2
133;Gracilinanus sp.;Gracilinanus sp.;5
133;Lutreolina crassicaudata;Lutreolina crassicaudata;1
133;Monodelphis dimidiata;Monodelphis dimidiata;34
133;Nectomys squamipes;Nectomys squamipes;2
133;Oligoryzomys nigripes;Oligoryzomys nigripes;73
133;Oxymycterus judex;Oxymycterus quaestor;294
133;Philander frenatus;Philander frenatus;9
133;Sooretamys angouya;Sooretamys angouya;13
133;Thaptomys nigrita;Thaptomys nigrita;70
134;Akodon montensis;Akodon montensis;68
134;Akodon paranaensis;Akodon paranaensis;78
134;Calomys tener ;Calomys tener;1
134;Cryptonanus chacoensis;Cryptonanus chacoensis;9
134;Euryoryzomys russatus;Euryoryzomys russatus;4
134;Gracilinanus agilis;Gracilinanus agilis;8
134;Juliomys pictipes;Juliomys pictipes;1
134;Marmosa paraguayana;Marmosa paraguayana;2
134;Necromys lasiurus;Necromys lasiurus;6
134;Oligoryzomys flavescens;Oligoryzomys flavescens;2
134;Oligoryzomys fornesi;Oligoryzomys fornesi;3
134;Oligoryzomys nigripes;Oligoryzomys nigripes;64
134;Rhipidomys macrurus;Rhipidomys macrurus;1
134;Sooretamys angouya;Sooretamys angouya;1
134;Thaptomys nigrita;Thaptomys nigrita;21
135;Akodon montensis;Akodon montensis;337
135;Brucepattersonius iheringi;Brucepattersonius iheringi;15
135;Cavia aperea;Cavia aperea;2
135;Didelphis albiventris;Didelphis albiventris;2
135;Didelphis aurita;Didelphis aurita;3
135;Euryoryzomys russatus;Euryoryzomys russatus;2
135;Euryzygomatomys spinosus;Euryzygomatomys spinosus;1
135;Gracilinanus microtarsus;Gracilinanus microtarsus;1
135;Juliomys pictipes;Juliomys pictipes;1
135;Kannabateomys amblyonyx;Kannabateomys amblyonyx;1
135;Monodelphis scalops;Monodelphis scalops;1
135;Monodelphis sorex;Monodelphis sorex;5
135;Mus musculus;Mus musculus;2
135;Necromys lasiurus ;Necromys lasiurus;4
135;Nectomys squamipes;Nectomys squamipes;17
135;Oligoryzomys flavescens;Oligoryzomys flavescens;9
135;Oligoryzomys nigripes;Oligoryzomys nigripes;42
135;Oxymycterus misionalis;Oxymycterus quaestor;8
135;Rattus norvegicus;Rattus norvegicus;1
135;Rattus rattus;Rattus rattus;3
135;Sooretamys angouya;Sooretamys angouya;2
135;Thaptomys nigrita;Thaptomys nigrita;10
136;Abrawayaomys ruschii;Abrawayaomys ruschii;3
136;Akodon montensis;Akodon montensis;188
136;Brucepattersonius iheringi;Brucepattersonius iheringi;3
136;Didelphis albiventris;Didelphis albiventris;5
136;Didelphis aurita;Didelphis aurita;35
136;Euryoryzomys russatus;Euryoryzomys russatus;1
136;Euryzygomatomys spinosus;Euryzygomatomys spinosus;2
136;Gracilinanus microtarsus;Gracilinanus microtarsus;10
136;Juliomys pictipes;Juliomys pictipes;3
136;Marmosa paraguayana;Marmosa paraguayana;1
136;Monodelphis americana;Monodelphis americana;13
136;Monodelphis dimidiata;Monodelphis dimidiata;5
136;Mus musculus;Mus musculus;9
136;Necromys lasiurus;Necromys lasiurus;1
136;Nectomys squamipes;Nectomys squamipes;1
136;Oligoryzomys flavescens;Oligoryzomys flavescens;374
136;Oligoryzomys nigripes;Oligoryzomys nigripes;40
136;Oxymycterus judex;Oxymycterus quaestor;1
136;Sooretamys angouya;Sooretamys angouya;49
136;Thaptomys nigrita;Thaptomys nigrita;35
137;Akodon montensis;Akodon montensis;377
137;Brucepattersonius iheringi;Brucepattersonius iheringi;22
137;Cryptonanus guahybae;Cryptonanus guahybae;7
137;Didelphis aurita;Didelphis aurita;20
137;Euryoryzomys russatus;Euryoryzomys russatus;4
137;Juliomys pictipes;Juliomys pictipes;2
137;Kannabateomys amblyonyx;Kannabateomys amblyonyx;1
137;Micoureus paraguayanus;Marmosa paraguayana;4
137;Oligoryzomys nigripes ;Oligoryzomys nigripes;38
137;Oxymycterus judex;Oxymycterus quaestor;6
137;Sooretamys angouya;Sooretamys angouya;14
137;Thaptomys nigrita;Thaptomys nigrita;15
138;Akodon montensis;Akodon montensis;73
138;Chironectes minimus;Chironectes minimus;1
138;Didelphis aurita;Didelphis aurita;56
138;Oryzomys russatus;Euryoryzomys russatus;75
138;Juliomys sp.;Juliomys sp.;1
138;Lutreolina crassicaudata;Lutreolina crassicaudata;7
138;Marmosa paraguayanus;Marmosa paraguayana;21
138;Nectomys squamipes;Nectomys squamipes;31
138;Oligoryzomys nigripes;Oligoryzomys nigripes;38
138;Oxymycterus judex;Oxymycterus quaestor;21
138;Oryzomys angouya;Sooretamys angouya;48
139;Akodon montensis;Akodon montensis;39
139;Brucepattersonius iheringi;Brucepattersonius iheringi;6
139;Delomys sublineatus;Delomys sublineatus;9
139;Euryoryzomys russatus;Euryoryzomys russatus;12
139;Juliomys pictipes;Juliomys pictipes;2
139;Monodelphis iheringi;Monodelphis iheringi;11
139;Monodelphis scalops;Monodelphis scalops;2
139;Oligoryzomys nigripes;Oligoryzomys nigripes;15
139;Philander frenatus;Philander frenatus;3
139;Thaptomys nigrita;Thaptomys nigrita;4
140;Akodon montensis;Akodon montensis;114
140;Oxymycterus iheringi;Brucepattersonius iheringi;34
140;Delomys sublineatus;Delomys sublineatus;36
140;Oryzomys nitidus;Euryoryzomys russatus;60
140;Gracilinanus microtarsus;Gracilinanus microtarsus;2
140;Wilfredomys pictipes;Juliomys pictipes;7
140;Micoureus demerarae;Marmosa paraguayana;41
140;Nectomys squamipes;Nectomys squamipes;3
140;Oligoryzomys nigripes;Oligoryzomys nigripes;4
140;Oryzomys sp.;Oryzomys sp.;1
140;Oxymycterus hispidus;Oxymycterus hispidus;5
140;Philander opossum;Philander frenatus;2
140;Nelomys dasythrix;Phyllomys dasythrix;2
140;Rhipidomys mastacalis;Rhipidomys mastacalis;1
140;Oryzomys ratticeps;Sooretamys angouya;7
140;Akodon nigrita;Thaptomys nigrita;41
141;Akodon azarae;Akodon azarae;19
141;Akodon paranaensis;Akodon paranaensis;25
141;Gracilinanus microtarsus;Gracilinanus microtarsus;1
141;Mus musculus;Mus musculus;2
141;Nectomys squamipes;Nectomys squamipes;2
141;Oligoryzomys flavescens;Oligoryzomys flavescens;1
141;Oligoryzomys nigripes;Oligoryzomys nigripes;10
141;Oxymycterus quaestor;Oxymycterus quaestor;1
141;Rattus rattus;Rattus rattus;4
141;Sooretamys angouya;Sooretamys angouya;3
141;Thaptomys nigrita;Thaptomys nigrita;2
142;Akodon montensis;Akodon montensis;2
142;Cryptonanus guahybae;Cryptonanus guahybae;5
142;Euryoryzomys russatus;Euryoryzomys russatus;2
142;Holochilus brasiliensis;Holochilus brasiliensis;3
142;Marmosa paraguayana;Marmosa paraguayana;6
142;Monodelphis iheringi;Monodelphis iheringi;2
142;Mus musculus;Mus musculus;1
142;Nectomys squamipes;Nectomys squamipes;9
142;Oligoryzomys flavescens;Oligoryzomys flavescens;36
142;Oligoryzomys nigripes;Oligoryzomys nigripes;26
142;Oxymycterus judex;Oxymycterus quaestor;1
143;Akodon montensis;Akodon montensis;63
143;Oligoryzomys flavescens;Oligoryzomys flavescens;19
143;Oligoryzomys nigripes;Oligoryzomys nigripes;22
143;Thaptomys nigrita;Thaptomys nigrita;10
144;Akodon montensis;Akodon montensis;37
144;Mus musculus;Mus musculus;10
144;Oligoryzomys flavescens;Oligoryzomys flavescens;1
144;Oligoryzomys nigripes;Oligoryzomys nigripes;83
144;Sooretamys angouya;Sooretamys angouya;7
144;Thaptomys nigrita;Thaptomys nigrita;4
145;Akodon azarae;Akodon azarae;6
145;Akodon montensis;Akodon montensis;46
145;Akodon paranaensis;Akodon paranaensis;3
145;Delomys dorsalis;Delomys dorsalis;28
145;Monodelphis sp.;Monodelphis sp.;1
145;Oligoryzomys nigripes;Oligoryzomys nigripes;141
146;Akodon montensis;Akodon montensis;154
146;Brucepattersonius iheringi;Brucepattersonius iheringi;19
146;Brucepattersonius sp.1;Brucepattersonius sp.1;5
146;Brucepattersonius sp.2;Brucepattersonius sp.2;3
146;Didelphis albiventris;Didelphis albiventris;7
146;Lutreolina crassicaudata;Lutreolina crassicaudata;1
146;Micoureus demerarae;Marmosa paraguayana;8
146;Oligoryzomys nigripes;Oligoryzomys nigripes;34
146;Rattus sp.;Rattus sp.;3
146;Oryzomys angouya;Sooretamys angouya;12
146;Thaptomys nigrita;Thaptomys nigrita;3
147;Akodon azarae;Akodon azarae;1
147;Akodon montensis;Akodon montensis;502
147;Brucepattersonius iheringi;Brucepattersonius iheringi;2
147;Delomys dorsalis;Delomys dorsalis;377
147;Didelphis aurita;Didelphis aurita;1
147;Euryoryzomys russatus;Euryoryzomys russatus;3
147;Gracilinanus microtarsus;Gracilinanus microtarsus;1
147;Monodelphis sp.;Monodelphis sp.;5
147;Oligoryzomys sp.;Oligoryzomys sp.;69
147;Philander frenatus;Philander frenatus;11
147;Sooretamys angouya;Sooretamys angouya;48
147;Thaptomys nigrita;Thaptomys nigrita;3
148;Akodon montensis;Akodon montensis;46
148;Akodon paranaensis;Akodon paranaensis;6
148;Akodon sp.1;Akodon sp.;1
148;Brucepattersonius iheringi;Brucepattersonius iheringi;2
148;Delomys dorsalis;Delomys dorsalis;7
148;Akodon sp.2;Deltamys sp. nov.;43
148;Monodelphis dimidiata;Monodelphis dimidiata;10
148;Oligoryzomys flavescens;Oligoryzomys flavescens;3
148;Oligoryzomys nigripes;Oligoryzomys nigripes;51
148;Oxymycterus nasutus;Oxymycterus nasutus;87
148;Philander frenatus;Philander frenatus;1
148;Scapteromys sp.;Scapteromys meridionalis;1
148;Thaptomys nigrita;Thaptomys nigrita;5
149;Akodon montensis;Akodon montensis;23
149;Akodon serrensis;Castoria angustidens;12
149;Delomys dorsalis;Delomys dorsalis;25
149;Gracilinanus microtarsus;Gracilinanus microtarsus;20
149;Juliomys sp.;Juliomys sp.;18
149;Monodelphis dimidiata;Monodelphis dimidiata;5
149;Oligoryzomys flavescens;Oligoryzomys flavescens;7
149;Oligoryzomys nigripes;Oligoryzomys nigripes;3
149;Oligoryzomys sp.;Oligoryzomys sp.;1
149;Sooretamys angouya;Sooretamys angouya;8
149;Thaptomys nigrita;Thaptomys nigrita;3
150;Akodon azarae;Akodon azarae;3
150;Akodon montensis;Akodon montensis;33
150;Oryzomys intermedius;Euryoryzomys russatus;30
150;Oligoryzomys nigripes;Oligoryzomys nigripes;37
150;Rattus rattus;Rattus rattus;1
150;Oryzomys ratticeps;Sooretamys angouya;2
151;Akodon montensis;Akodon montensis;91
151;Didelphis aurita;Didelphis aurita;2
151;Juliomys sp.;Juliomys sp.;1
151;Mus musculus;Mus musculus;2
151;Oligoryzomys nigripes;Oligoryzomys nigripes;27
151;Sooretamys angouya;Sooretamys angouya;13
151;Thaptomys nigrita;Thaptomys nigrita;6
152;Akodon montensis;Akodon montensis;47
152;Didelphis albiventris;Didelphis albiventris;11
152;Gracilinanus microtarsus;Gracilinanus microtarsus;2
152;Mus musculus;Mus musculus;1
152;Oligoryzomys nigripes;Oligoryzomys nigripes;4
152;Sooretamys angouya;Sooretamys angouya;10
153;Akodon montensis;Akodon montensis;5
153;Akodon sp.;Akodon sp.;2
153;Didelphis albiventris;Didelphis albiventris;1
153;Gracilinanus microtarsus;Gracilinanus microtarsus;1
153;Oligoryzomys nigripes;Oligoryzomys nigripes;57
153;Oryzomys angouya;Sooretamys angouya;12
154;Akodon montensis;Akodon montensis;7
154;Oligoryzomys nigripes;Oligoryzomys nigripes;9
154;Sooretamys angouya;Sooretamys angouya;7
155;Akodon reigi;Akodon reigi;15
155;Didelphis albiventris;Didelphis albiventris;1
155;Lutreolina crassicaudata;Lutreolina crassicaudata;1
155;Oligoryzomys flavescens;Oligoryzomys flavescens;2
155;Oligoryzomys nigripes;Oligoryzomys nigripes;34
155;Rattus rattus;Rattus rattus;1
155;Sooretamys angouya;Sooretamys angouya;3
156;Cryptonanus guahybae;Cryptonanus guahybae;4
156;Deltamys kempi;Deltamys kempi;5
156;Didelphis albiventris;Didelphis albiventris;16
156;Holochilus brasiliensis;Holochilus brasiliensis;2
156;Mus musculus;Mus musculus;2
156;Oligoryzomys flavescens;Oligoryzomys flavescens;5
156;Oligoryzomys nigripes;Oligoryzomys nigripes;36
156;Scaptereromys tumidus;Scaptereromys tumidus;19
157;Cryptonanus guahybae;Cryptonanus guahybae;5
157;Deltamys kempi;Deltamys kempi;5
157;Didelphis albiventris;Didelphis albiventris;18
157;Lutreolina crassicaudata;Lutreolina crassicaudata;4
157;Oligoryzomys flavescens;Oligoryzomys flavescens;8
157;Oligoryzomys nigripes;Oligoryzomys nigripes;92
157;Oxymycterus nasutus;Oxymycterus nasutus;10
157;Rattus rattus;Rattus rattus;1
157;Scaptereromys tumidus;Scaptereromys tumidus;2
